frame_id,player,x,y,speed
2,1,67.03518075373677,14.039894860905632,0.27465914655231816
3,1,67.05642753967562,14.033387531124037,0.22220964281912564
5,1,67.07177843344931,14.045569407637869,0.1959714405338812
6,1,67.10484396810253,14.077650933327654,0.4607118266864334
7,1,67.14853289509055,14.106478793610837,0.5234279195717151
8,1,67.2075727178445,14.147488528553088,0.7188531860436469
9,1,67.3976523631221,14.199014568830693,1.9693959575349484
10,1,67.6125109379695,14.217626294698269,2.1566317146240936
11,1,67.81204558232626,14.30002340530443,2.158781094386889
12,1,68.06591951669496,14.483961955704403,3.135049678634869
13,1,68.2607536302227,14.626890768680632,2.4163811241799418
14,1,68.50280882050662,14.77224044236883,2.823424211567414
15,1,68.83930615799758,14.922431841353031,3.6849411727643924
16,1,69.10377652637054,15.027149408233054,2.8444743725440444
17,1,69.39424815862337,15.2167624139445,3.4688162401394624
18,1,69.7059935570808,15.47583531176699,4.0534424856598825
19,1,70.01654360017304,15.69306567474312,3.7898596262042576
20,1,70.28696383371161,15.931028459908408,3.6021297843175626
21,1,70.60107301277107,16.197819049189473,4.121186660397028
22,1,70.92933772807358,16.434948969149726,4.049547162992348
23,1,71.25640707747937,16.630236362375495,3.809350670043944
24,1,71.55399700664684,16.91896974587392,4.1464048606998025
25,1,71.86574247095076,17.178042462149783,4.053441831735394
26,1,72.1314622509026,17.476536810345685,3.996321775865267
27,1,72.37946739193066,17.75513151360729,3.729900248823937
28,1,72.65817434297888,18.058089907637893,4.116568389765901
29,1,72.97464736157525,18.33259805085313,4.189390077218572
30,1,73.23091217267739,18.60022125055828,3.705318210756537
31,1,73.49073613898598,18.917404684297303,4.100168583202432
32,1,73.78362567906149,19.26666955962237,4.55818204793836
33,1,73.99622860504577,19.58143212614747,3.798361191652893
34,1,74.23716959555384,19.912840608085737,4.097366749604375
35,1,74.52179955882055,20.27307684489145,4.591125812882383
36,1,74.81349377356625,20.580499126714017,4.237852926625781
37,1,75.02139629096573,20.955793302304283,4.290328367071879
38,1,75.27415614351638,21.325790501864788,4.480909179441645
39,1,75.46317568677301,21.715309759288186,4.329591662462202
40,1,75.67461038002862,22.06419691493908,4.079545034562889
41,1,75.91201938926106,22.42201220891023,4.294121822496249
42,1,76.19428573158707,22.77453051057335,4.516009754391105
43,1,76.43286312497352,23.09822103546101,4.021128306049453
44,1,76.6325061620664,23.484486516434973,4.348084222410124
45,1,76.85222765612464,23.898369332930592,4.6858992812642555
46,1,77.07901337963014,24.259438203571463,4.263830364024667
47,1,77.34122847179258,24.660306233833616,4.790114113922681
48,1,77.62585869815022,25.020542143819387,4.591124879587609
49,1,77.88215087966951,25.364132126812446,4.286487591502918
50,1,78.14436604003508,25.765000077953296,4.79011382513406
51,1,78.41247708403031,26.14717879815048,4.668448415520646
52,1,78.63689916738196,26.500529774253323,4.185954894748891
53,1,78.90501025390535,26.882708445207687,4.668448256639424
54,1,79.18847227909866,27.27706891134157,4.8566541669757495
55,1,79.46008837560035,27.556873377400485,3.8995620665060544
56,1,79.66087287387555,27.833046704178606,3.41447098642407
57,1,79.92069728902905,28.1502295375584,4.100166783201544
58,1,80.1344689649269,28.430866892662145,3.5278272987180026
59,1,80.32577129497005,28.60020196699885,2.554817975523076
60,1,80.51000946485036,28.822350948107136,2.8860677928332374
61,1,80.76152002926088,28.998570794852533,3.0710095798787607
62,1,80.91032883598166,29.18092061268812,2.353625225526228
63,1,81.03905919043495,29.33565310174929,2.0128002217988925
64,1,81.15366123161294,29.596013414832605,2.844663784544719
65,1,81.282418745891,29.826713069212552,2.6419846330758476
66,1,81.40286234999263,29.916449811745583,1.501976854995827
67,1,81.62948549185046,29.82171524158996,2.4562713043978706
68,1,81.82779770983016,29.78630197754535,2.014493362369887
69,1,82.0225507000355,29.70132849715666,2.1248345715204437
70,1,82.25273306944243,29.656154144582047,2.3457332609724624
71,1,82.50299389732842,29.638597103079327,2.508759288582943
72,1,82.8441104949759,29.500354129403696,3.6806474017659916
73,1,83.14036979011377,29.36740819013804,3.247217158165075
74,1,83.54764475277041,29.36929510600335,4.072793336991862
75,1,83.93130917820093,29.36997164824856,3.836650219271282
76,1,84.30198644877859,29.36618412573568,3.70696620229654
77,1,84.73640401950186,29.34287441284948,4.350424904166762
78,1,85.16845782272269,29.311846935676137,4.331664728684822
79,1,85.59225200686946,29.291790892269475,4.242684944628315
80,1,86.05503479106903,29.3610941206354,4.679432046877594
81,1,86.55321980315205,29.394229287882617,4.992857353987324
82,1,86.99122373683034,29.496446798090982,4.497731264880684
83,1,87.45164274713983,29.558032199531333,4.6451956549207125
84,1,87.959282826453,29.62203827436654,5.116592887272725
85,1,88.42912975759617,29.638527498510435,4.701361858201506
86,1,88.89547176043301,29.757390737542927,4.81251839688089
87,1,89.36770960860248,29.85756475628437,4.8274570870650155
88,1,89.79155808044828,29.989442730948724,4.438911209830552
1,2,76.96932964711709,11.267461951511397,0.8071623392095789
2,2,76.94457763839713,11.376343389757904,1.1165943547368014
3,2,76.94343616356987,11.486435257268695,1.1009778497678697
4,2,76.96946431195262,11.647297773512832,1.629546367570733
5,2,77.02855798506734,11.840241752573874,2.017905876350447
6,2,77.08292416905344,12.017750212275658,1.8564734101761529
7,2,77.08180964618705,12.203809245739947,1.8606237151795424
8,2,77.05705765193895,12.312690690404333,1.1165943852385223
9,2,77.05830688672408,12.50646748576306,1.9378082208269918
10,2,77.00407541583482,12.708794861997884,2.0946937630326947
11,2,77.10332589200685,12.95697357666628,2.6728885392928827
12,2,77.1565776165552,13.320541074729729,3.6744669248135597
13,2,77.21333454785434,13.58173445823662,2.6728885655461565
14,2,77.21819684763823,13.977005821020832,3.95301267638338
15,2,77.28557719884934,14.234945532554384,2.665952109760137
16,2,77.34355649717358,14.613948548156298,3.8341216056551426
17,2,77.33426332893724,15.038880539477258,4.250335989352673
18,2,77.3438262417796,15.37362026281892,3.348762931066968
19,2,77.32983260530942,15.859083924279616,4.856653049791448
20,2,77.38544824768383,16.230369190169128,3.7542755405452475
21,2,77.36553179582307,16.658554882199024,4.28648634564304
22,2,77.34325161899528,17.07902282489708,4.2105783108287405
23,2,77.30089306403545,17.471873417361877,3.951276188501973
24,2,77.28094968583832,17.82409195802294,3.527827075117524
25,2,77.2551374594678,18.270966880631203,4.4761978004367045
26,2,77.28124682680593,18.65973095802499,3.8963984259138567
27,2,77.30971997167379,19.056212799481496,3.9750291896212286
28,2,77.29099909932495,19.526241022755013,4.70400894700637
29,2,77.2663553525418,19.93899126683017,4.134852817690284
30,2,77.27830931333405,20.35741600038634,4.185954548608674
31,2,77.30680960701228,20.82986505032967,4.733079035174667
32,2,77.38369936102987,21.270610184062686,4.474017290782638
33,2,77.47474464373846,21.681694678169105,4.210459651845836
34,2,77.56934912332204,22.14233940038206,4.702590431452968
35,2,77.62146008249192,22.615998852718945,4.765173961710984
36,2,77.76089487047392,22.99537940199776,4.041926041761268
37,2,77.91334390364052,23.45519120709226,4.8442502393837445
38,2,78.08348056170323,23.85893539759002,4.381276683541425
39,2,78.25244890499903,24.29680429234161,4.6933939748023015
40,2,78.42614480445971,24.750108686372773,4.854432398719922
41,2,78.54080084724265,25.16240351438616,4.279404553827923
42,2,78.76995040362327,25.531190010690946,4.34180836802126
43,2,78.98967202873581,25.945072648080483,4.685898313820046
44,2,79.18931523778082,26.33133792639482,4.348083211589222
45,2,79.28392005011779,26.791982561367263,4.702590246302648
46,2,79.40330375591884,27.21971285065832,4.440784498124212
47,2,79.52029660079927,27.56375818848777,3.633930657502951
48,2,79.65030374281488,27.988234771938693,4.439394405470586
49,2,79.81924523599767,28.35013634787292,3.9939201141548337
50,2,79.88431667019692,28.752292599149747,4.073867228933454
51,2,79.93284175365235,29.100424561390035,3.514975773140261
52,2,80.021496626649,29.42782398998086,3.391903187705218
53,2,80.18215143641085,29.724729793988217,3.375840996742486
54,2,80.36049379818326,29.96556797079792,2.99681539991342
55,2,80.60730401255742,30.202319469315206,3.42003733853304
56,2,80.78445092941382,30.4013151499814,2.66421303719373
57,2,81.12094860864164,30.5515053703382,3.684939489551116
58,2,81.35830376231885,30.7573858018196,3.1420410729985706
59,2,81.64171169487574,30.99981164570891,3.729481814161477
60,2,81.92984717681009,31.2576729734957,3.8667107509808085
61,2,82.14717822835362,31.58787038394773,3.953012975367607
62,2,82.53326077663343,31.748198956111224,4.180490224103032
63,2,82.8614173495169,31.68145899055802,3.348745426703385
64,2,83.41155101099186,31.732450364877103,5.524917788915901
65,2,83.82363504148123,31.97767412415775,4.7952887327052105
66,2,84.24748358002606,32.10955228666483,4.438912404777017
67,2,84.81410928148135,32.06263350774394,5.685649104237188
68,2,85.29104755291937,32.102275963246875,4.785829489655733
69,2,85.80580616722023,32.26540237183959,5.399876444672593
70,2,86.31469612807764,32.52318507058341,5.704567573735178
71,2,86.8825716585609,32.67004287435838,5.865576123888051
72,2,87.39023896355954,32.81001590679757,5.266104275218995
73,2,87.8932059131271,33.01052052876411,5.4145900656212955
74,2,88.4126920840105,33.1890822053763,5.493178989379923
75,2,88.8105391305803,33.23606487002781,4.006115865050134
76,2,89.28630910121451,33.30983175525922,4.814546897829829
77,2,89.73257269921,33.40107747172595,4.554964101608273
78,2,90.09974508275351,33.49966361196902,3.801773090086459
79,2,90.40790472595292,33.63320745143844,3.358516380144914
80,2,90.4941416568321,33.80095442175007,1.8861562580070765
81,2,90.75513463777727,34.08401176653509,3.850179171667148
82,2,91.24986921258385,34.371454626452014,5.7217628160057306
83,2,91.8744481364673,34.62757067907633,6.750513051400359
84,2,92.44229647747372,34.698460886891844,5.722562013188462
85,2,92.948741098319,34.72062397085815,5.069293405140636
86,2,93.2061204204938,34.80218685404164,2.6999373955031505
87,2,93.24627737925012,34.85742135272911,0.6828931967600942
88,2,93.17900504167903,34.9033505351298,0.8145586042927611
1,3,78.084568831947,3.640699312820448,0.2222096567364205
2,3,78.05269864163633,3.6504602771598482,0.33331448442474954
3,3,78.03381558613236,3.6646853427495536,0.2364153709463845
4,3,78.00667286898266,3.6898818230364014,0.370349795884132
5,3,77.96890675682526,3.718331957922512,0.4728307733770247
6,3,77.9512189906896,3.77439946889276,0.5879135019089863
7,3,77.93116748775746,3.8227492233154514,0.5234273132510316
8,3,77.90522006332857,3.8897881488423742,0.7188523054353645
9,3,77.85802584623059,3.963334384505476,0.8738617114683491
10,3,77.77423396396462,4.031206070086579,1.0783155956070725
11,3,77.69633800508544,4.080388584025769,0.9212328743095223
12,3,77.68101397869384,4.14417385853994,0.6560020601871956
13,3,77.65270281952866,4.203495028663575,0.657306850573889
14,3,77.65392496077718,4.321304612106502,1.1781592243931778
15,3,77.69174476978193,4.444788745686527,1.29145922115899
16,3,77.72483710433322,4.552837362365644,1.130026821465979
17,3,77.77208501887141,4.631225390766076,0.9152621714413285
18,3,77.80754109490239,4.74699176446973,1.2107430201330414
19,3,77.84772465138438,4.8781936524269724,1.3721754120769805
20,3,77.87848011069407,5.054491644315021,1.789605549307122
21,3,77.87263791030931,5.225115090119889,1.7072343589461387
22,3,77.86445883632337,5.463987916744546,2.390128125246033
23,3,77.81378618916334,5.715875375344471,2.5693386108127747
24,3,77.82449018432051,5.940523135198706,2.2490262675178134
25,3,77.85763628540965,6.200506027776669,2.620873298170215
26,3,77.90847013898039,6.4044213979035405,2.101560345144297
27,3,77.96047243143917,6.574212074054181,1.775756518463614
28,3,78.01722908922349,6.835405406021746,2.672887481117845
29,3,78.05390739744901,7.068981363964717,2.3643820846737693
30,3,78.02448160256719,7.314361523642013,2.4713822077469554
31,3,78.05879618474813,7.540219726674387,2.2845003485940953
32,3,78.06126748291665,7.851806053183218,3.115961267119754
33,3,78.12275167749863,8.12843489990017,2.8337929532579857
34,3,78.21018326169511,8.338024795081367,2.2709514763017498
35,3,78.2397972946389,8.624414622818705,2.879168706043786
36,3,78.27886631343587,8.941675484103467,3.1965738272861226
37,3,78.2777786098131,9.20370160931594,2.620283828004783
38,3,78.2932102156216,9.443784896776211,2.4057871762805636
39,3,78.33934359598688,9.708231887551175,2.6844086818862185
40,3,78.3866723182754,10.014521329959743,3.099245561171556
41,3,78.49065017948553,10.278135511418682,2.83379308150928
42,3,78.57571808919255,10.4800076290312,2.190636919511852
43,3,78.5888129227763,10.788340304663752,3.086106179788943
44,3,78.64203759761229,11.075940561495852,2.9248380081858634
45,3,78.6799113975736,11.351358970635854,2.7801029624227858
46,3,78.72604485722981,11.61580595608192,2.684408765657016
47,3,78.76275027611834,11.925349059907038,3.117117593249745
48,3,78.85493642129342,12.226341582915246,3.1479324050730058
49,3,78.92584885099228,12.45787428899738,2.4214864581804245
50,3,78.96725486139019,12.706885755433312,2.5243052135913615
51,3,78.994505339368,12.985557830780053,2.800012752258085
52,3,79.02648332884539,13.279665419492428,2.95840946370213
53,3,79.0856040082254,13.548576486457645,2.7533328288952967
54,3,79.10106273714332,13.864626930960435,3.164282790304453
55,3,79.16847004849075,14.198533719879872,3.406427590740453
56,3,79.21340826515062,14.421138245972145,2.2709517465885276
57,3,79.2807886335437,14.679077880417406,2.6659514073317494
58,3,79.30803919795812,14.95774995811869,2.8000128598143155
59,3,79.29043245887065,15.241718970809815,2.8451431849744706
60,3,79.28344912401354,15.522434314971548,2.808021926794137
61,3,79.31306347687008,15.808824155152418,2.8791691588709445
62,3,79.3474053454631,16.110649509758545,3.037727911146326
63,3,79.39826650711743,16.390532002548692,2.8446628541051067
64,3,79.42668552449045,16.635079389301055,2.461931455501104
65,3,79.51061225379635,16.947043312430246,3.2305600942582995
66,3,79.54022667127586,17.233433153521116,2.8791692343921724
67,3,79.52025627760426,17.509684433085912,2.769721756505263
68,3,79.52270104972968,17.74530366350743,2.3563191349045405
69,3,79.55112011950942,17.989851052990897,2.461931543124731
70,3,79.64094279485658,18.2831257827414,3.067216655483489
71,3,79.7779865520254,18.578821308544008,3.2590924405212016
72,3,79.87134137805319,18.8456890820264,2.8272518824138877
73,3,80.00009850356513,19.07638886894852,2.641983895787571
74,3,80.13241478494312,19.356648861759204,3.099246067803359
75,3,80.23519763936315,19.578420482935,2.4443192737788975
76,3,80.38992908192198,19.81804840100532,2.852426308163824
77,3,80.55292016530859,20.046704872979245,2.8080219984733787
78,3,80.77375571579338,20.274528439404936,3.1728838266920967
79,3,80.94381104853089,20.450371000497466,2.446209771954229
80,3,81.17054248472051,20.659505350661444,3.084547301876226
81,3,81.36540376353825,20.87840073146554,2.9306331350043635
82,3,81.54727790149553,21.09283203140517,2.8117429550281297
83,3,81.71852866059118,21.3105170009134,2.7697214379903405
84,3,81.9062986855609,21.506259086555524,2.712425968918945
85,3,82.10469210246806,21.69874747827523,2.7642671509631573
86,3,82.28653921133863,21.83721158918648,2.2856220381994117
87,3,82.45776293674703,21.97892937505404,2.222644707863431
88,3,82.62072703505365,22.13161859046795,2.2331881658428254
1,4,77.26018888754355,9.219902396764583,1.2563288694325825
2,4,77.21891754425901,9.35072665999401,1.3717985138507829
3,4,77.1103467665149,9.451512684622248,1.4813992216930245
4,4,77.0159315477114,9.52263810916644,1.182076966965458
5,4,76.90380170058937,9.573863920094464,1.2327686855547728
6,4,76.83541458315464,9.805851859999088,2.4185781379195106
7,4,76.8248450172989,9.961039845390165,1.555475057084493
8,4,76.77531403924898,10.102835545578838,1.5019766435792992
9,4,76.69980878554917,10.235703056541784,1.5282283470006097
10,4,76.62903102460577,10.384006090120812,1.643267513611323
11,4,76.53934330620842,10.470567047045368,1.246462438062854
12,4,76.49573516425393,10.669640740158028,2.0379402673836426
13,4,76.4497902085498,10.936963844637678,2.7124266099434253
14,4,76.36371543617624,11.2250193758938,3.0064074162762338
15,4,76.27527693059817,11.505357156154538,2.9395686811231405
16,4,76.24234608547094,11.85311154849714,3.4931011716577167
17,4,76.24009009380055,12.149262481826746,2.9615952594913075
18,4,76.24136626677374,12.419006471491295,2.6974700846831663
19,4,76.15651385599789,12.824871686947652,4.146402111854434
20,4,76.09644040225353,13.197822632297896,3.77758160047424
21,4,76.06348269038202,13.469609884137828,2.7377823331029894
22,4,75.99870873624403,13.903092508829442,4.3829539245148466
23,4,76.00593480493944,14.306081699067695,4.030539709737074
24,4,76.04027660201822,14.607907181383736,3.037729099210636
25,4,76.00381378353597,14.982068592451965,3.759339019884185
26,4,75.9366761788248,15.407833499120006,4.310257692022602
27,4,75.89312215238775,15.758841648186642,3.5369997728309994
28,4,75.85782778379574,16.098878373350292,3.41863520888567
29,4,75.79069025194497,16.524643316270705,4.310257936632521
30,4,75.80734449989394,16.882536407496545,3.582803772493457
31,4,75.8322584031922,17.22945806850357,3.4781509664393075
32,4,75.79579573757286,17.603619540296208,3.7593394759997665
33,4,75.72276242350931,18.04807372114732,4.504146798663836
34,4,75.65326126430553,18.466120959664018,4.237852106458028
35,4,75.62152617966296,18.85571798580669,3.9088739859003647
36,4,75.5638438529529,19.3123540537976,4.602648687493786
37,4,75.55455099234945,19.73728622752484,4.250337745718033
38,4,75.56647790257539,20.07974384866377,3.426652498630005
39,4,75.58315938691776,20.513604199110727,4.341809249723211
40,4,75.57386660485278,20.93853639364363,4.250337936553476
41,4,75.56810596531,21.337061632950224,3.9856687184501363
42,4,75.57886460813816,21.713643996814707,3.767360152271953
43,4,75.6120654591128,22.125561487975748,4.132533315411344
44,4,75.69365575694621,22.50577505085396,3.88869296932901
45,4,75.76225892857526,22.881524533207298,3.8196082082638627
46,4,75.82969377897967,23.291398738291075,4.153845483911552
47,4,75.89596031277637,23.73539766938765,4.489168122451279
48,4,75.91144662127863,24.12741556932865,3.9232366691952345
49,4,76.0048558498015,24.54621792628312,4.2909287824882005
50,4,76.10772015733306,24.99589131997861,4.612886588260844
51,4,76.21881702264173,25.358626048448727,3.793665730130962
52,4,76.33700520023619,25.744514049878813,4.035814601425665
53,4,76.44103792018136,26.16006269960507,4.283730700084982
54,4,76.51320051010265,26.585372408906505,4.313882105600693
55,4,76.60424613389196,26.99645698017303,4.210461142732081
56,4,76.69175969488916,27.43394851608248,4.46158567496827
57,4,76.8288581276466,27.881578564543595,4.681545049979185
58,4,76.96592946177523,28.25324138695838,3.961335686421022
59,4,77.10775548652002,28.716306934229458,4.842977620889576
60,4,77.22833477393655,29.18587985771422,4.848072761664214
61,4,77.35361448672819,29.59492107519278,4.277963581349166
62,4,77.49071307065888,30.04255107704016,4.681545046987013
63,4,77.67503276197006,30.49260180658284,4.863326102236475
64,4,77.86641663075824,30.889838580376384,4.409363215774297
65,4,78.04481337401347,31.282611273791662,4.313882088059038
66,4,78.24209313258817,31.66115880305508,4.26869459032534
67,4,78.46064685841327,32.10916613140888,4.98473968558781
68,4,78.65439460080475,32.51412059306044,4.489168115512079
69,4,78.95318071945994,32.84469556291099,4.455928134437593
70,4,79.25196685437425,33.17527050396562,4.455928029830628
71,4,79.5471937490077,33.45628517979627,4.07588232591569
72,4,79.89790134130334,33.72874908080198,4.441085370098766
73,4,80.27221948226561,34.002423301956135,4.636934870987347
74,4,80.6217588105653,34.309011857287565,4.649454637787189
75,4,81.00550486722169,34.53758983027781,4.466642203441637
76,4,81.42938068257538,34.74543520397227,4.720915231265554
77,4,81.82845047270493,34.91022772459067,4.317560332477176
78,4,82.2298840409199,35.082737968715406,4.369309945721164
79,4,82.67381113675118,35.24223336574505,4.71709707433335
80,4,83.09768697002586,35.450078601254226,4.720914783791035
81,4,83.51563975925151,35.60064583540069,4.442465824517035
82,4,83.948943482818,35.763394835909814,4.628599723710149
83,4,84.43416861348557,35.868032814356035,4.963794254042713
84,4,84.82731537070889,35.97554716414944,4.07582762303205
85,4,85.27713830675278,36.11635315797494,4.713459469310521
86,4,85.75766311359806,36.28152269806536,5.081191464286451
87,4,86.15436915148675,36.43859716271711,4.266709129328803
88,4,86.60419209380646,36.57940305699526,4.713459231823631
1,5,76.59040394689231,7.981507101716552,1.412078301848065
2,5,76.62466476701813,8.055431036505656,0.8147730929772807
3,5,76.67191272496764,8.133819070900618,0.9152624468809079
4,5,76.68375833199205,8.248375025970685,1.1516677145683976
5,5,76.64365539123496,8.345074587636471,1.0468548649990765
6,5,76.61653958975249,8.446238248796394,1.0473467921045172
7,5,76.57526822896511,8.577062511947897,1.3717985657659622
8,5,76.51508692666101,8.646144698593488,0.9161952662371707
9,5,76.46196995338978,8.66241300564042,0.5555241366196271
10,5,76.41830795325879,8.709552352344474,0.6425331324627408
11,5,76.40534771591525,8.78105541581338,0.7266812119106435
12,5,76.37347753311714,8.790816399841503,0.33331447025033123
13,5,76.26254300188741,8.883884658801964,1.448039054897743
14,5,76.15630905760071,8.916421274042769,1.1110482550293583
15,5,76.04184236470276,9.035896478920048,1.6545980890675893
16,5,75.9167253746707,9.08265817982558,1.3356989880306045
17,5,75.80106336055822,9.160290922990246,1.393001949741211
18,5,75.67950544036717,9.256612851572132,1.5509429998200484
19,5,75.56033817350495,9.436619715734423,2.1587799479556278
20,5,75.41166447310373,9.634105333267293,2.4719311949026843
21,5,75.30667968289914,9.860418777415015,2.494786186756382
22,5,75.20405864714247,10.094449988106952,2.5554194285421197
23,5,75.08725514667756,10.282174639542404,2.21096364686122
24,5,75.0389195072544,10.465812838608043,1.8989292297112264
25,5,74.94809029777264,10.662465695741044,2.1661553848617494
26,5,74.85133826503451,10.801840563265234,1.6966528677470927
27,5,74.7817827783989,11.067953288374074,2.7505262802956336
28,5,74.60841097924546,11.526254802583214,4.8999801904506946
29,5,74.50701227929498,11.878095733729996,3.6616080781793405
30,5,74.41387324319223,12.218965250437652,3.5336511919919493
31,5,74.29595529112365,12.592749063955772,3.9194257572786957
32,5,74.20162094260712,12.891776127967791,3.1355406921563893
33,5,74.12377894580256,13.092893143739744,2.15655814898504
34,5,74.04479551171762,13.40410208300534,3.210753599058422
35,5,73.95402030499883,13.752689417363095,3.6021280908580238
36,5,73.93994565001009,14.010251647529778,2.579465028285657
37,5,73.91877975541854,14.244660592340333,2.353625894254617
38,5,73.8693028023027,14.538390793869873,2.9786809191353703
39,5,73.82925389422348,14.787024848781446,2.5183885383337588
40,5,73.81632069571053,14.934495167294164,1.4803635521728493
41,5,73.79751858515067,15.176621889530985,2.428556546235883
42,5,73.74097739886857,15.523166032353664,3.5112639984896226
43,5,73.74342209436126,15.758785422531451,2.3563207244304443
44,5,73.73524340687553,15.997658485539027,2.3901303554327473
45,5,73.72119583093317,16.33118796096393,3.3382517185956413
46,5,73.67644647837464,16.640353733276747,3.1238754668550333
47,5,73.66707244913124,16.837384319853605,1.9725345236795457
48,5,73.6754400734367,17.130281740104444,2.930169208870261
49,5,73.7168732640263,17.455260630799764,3.27609506394419
50,5,73.83739771374559,17.772899331402257,3.3973590787636345
51,5,73.85285664570128,18.08895004270251,3.1642855542856214
52,5,73.8600829718176,18.49193941176936,4.030541543887567
53,5,73.86967307879195,18.90264655005194,4.1081908863640635
54,5,73.86268989602266,19.183362134191004,2.808024288002594
55,5,73.91121445999872,19.531494319880657,3.5149772690889773
56,5,73.97628533759172,19.933650847455866,4.07386906738634
57,5,74.07083561651427,20.24236135720257,3.2286519489161742
58,5,74.12408775213993,20.60592906682685,3.67446961383733
59,5,74.16554816105767,21.00687518544132,4.030840551791096
60,5,74.21880033928385,21.370442896499007,3.674469689758756
61,5,74.26023374310314,21.69542179431245,3.276095404228821
62,5,74.3158497199746,22.066707268332745,3.754278094412326
63,5,74.41042716299344,22.45138498450466,3.961336113576122
64,5,74.52149681875123,22.738152586046688,3.0752581310244653
65,5,74.63259355655859,23.10088740388562,3.7936662112536856
66,5,74.71771601719499,23.454694057562623,3.6390243402719236
67,5,74.79930639375046,23.834907677052392,3.8886936880136758
68,5,74.91983115942872,24.15254630208941,3.3973594931535867
69,5,75.10646002603627,24.458380574487336,3.5828052699579964
70,5,75.28246552218995,24.767468517325085,3.5568706904240144
71,5,75.47615861481893,25.020488825066288,3.1864759572548165
72,5,75.69938521052806,25.3319975184192,3.832333219676089
73,5,75.90726090687082,25.63132435989447,3.644295036869909
74,5,76.07381140112108,25.909541205810537,3.242586629320641
75,5,76.3088297547948,26.18367143407353,3.610831048540328
76,5,76.60875676568725,26.404154786703767,3.7224873492054558
77,5,76.86499480135909,26.595810385414893,3.19984061231625
78,5,77.13421999301401,26.791930037799872,3.330842564175563
79,5,77.46718550461304,26.968527535160973,3.768988033791117
80,5,77.74586576796517,27.195518181483216,3.594265470159396
81,5,77.9973762949544,27.37173819046143,3.0710102043250282
82,5,78.33860144025972,27.53736417393337,3.79297463990575
83,5,78.67509905786812,27.687554619770346,3.684939845870481
84,5,78.95255677119161,27.79673551320166,2.981664806331485
85,5,79.27133970762299,27.927026342294376,3.4438098191607147
86,5,79.54290157204242,28.05489640924131,3.001609572012574
87,5,79.82508682431926,28.179512769440088,3.0847650450517516
88,5,80.08838907487618,28.318354255242745,2.976659761011124
1,6,66.24947367568821,18.796860704253938,0.22220964035496232
3,6,66.2577333123448,18.78588925989282,0.13732959952901214
5,6,66.27425258325454,18.76394637203569,0.2746591776911749
6,6,66.31085026633554,18.76962090141783,0.3703499278528317
7,6,66.33446080570232,18.77083132839323,0.23641546113850134
8,6,66.36752636402241,18.802912845319355,0.46071193551942846
9,6,66.47848778609226,18.78581166904668,1.1227148978112056
10,6,66.74880007452572,18.71990541233219,2.7823078182014656
11,6,66.96132192688913,18.806766543720222,2.2958744277068774
12,6,67.33558542048529,18.92850763161712,3.9356582057023597
13,6,67.56699030159248,19.00114362364653,2.4253702055218715
14,6,67.99081160579556,19.057056015348472,4.27493501052619
15,6,68.41460588827061,19.037001113987444,4.242685386958942
16,6,68.78531023515197,19.109181836077987,3.776662143192628
17,6,69.23043235954299,19.310521352126983,4.8853997415279995
18,6,69.66843619731077,19.41274026349977,4.497733515244563
19,6,70.03327169075193,19.57957738596349,4.011727342510088
20,6,70.51145939086821,19.812998281920184,5.321172720479228
21,6,70.96364577114073,19.96152370200664,4.7595411849864755
22,6,71.37806610760656,20.13849932519437,4.506268816650111
23,6,71.76776162449488,20.50032372924293,5.317701526486349
24,6,72.13028746638562,20.811377411940217,4.776812530947156
25,6,72.47626701461195,21.06840670636868,4.3100569136066555
26,6,72.78450758158515,21.429853449533493,4.750326254820901
27,6,73.15412474515702,21.764060317549312,4.98308216103107
28,6,73.52727403311634,22.07186017774254,4.837159755884848
29,6,73.8461651055288,22.506020365717685,5.3868969257540025
30,6,74.16508327537986,23.016147743586487,6.016134479152279
31,6,74.42849371017803,23.458858507504715,5.151484035204074
32,6,74.7261381011254,23.899525953941225,5.317706101424794
33,6,75.09934165522776,24.35926006823117,5.9214554683506035
34,6,75.44893470567706,24.81778374379844,5.765928043066156
35,6,75.77844934929593,25.248690018164687,5.424574800364236
36,6,76.0938356399468,25.785224125776413,6.223643313696813
37,6,76.36316922984132,26.28521269676215,5.6791650245597545
38,6,76.72928165747095,26.72179331133128,5.697727114230887
39,6,77.12253674402805,27.13317729118551,5.691101316825621
40,6,77.54646656653296,27.492957670432283,5.560201576381822
41,6,77.92081156896394,27.84259948903433,5.122339135203779
42,6,78.34588261905452,28.09228784939789,4.9298040014401305
43,6,78.74381105590562,28.36717276100299,4.836411432900488
44,6,79.13228443461533,28.61118660679073,4.587530086029487
45,6,79.53610874127251,28.86738223688661,4.782366271286423
46,6,79.95881605851005,29.109352684377576,4.87063828984596
47,6,80.28947214904431,29.4301665696944,4.6071140556695385
48,6,80.56578872776618,29.64943924322465,3.527482913263471
49,6,80.89405392312413,29.886568135091817,4.049545034217417
50,6,81.15268297887516,30.16190837827903,3.777581739645914
51,6,81.43492258128008,30.43845896277937,3.951448075745962
52,6,81.67580980602304,30.61793242418343,3.003953701253075
53,6,82.05124178708405,30.70554758724942,3.8551989469089234
54,6,82.42550546321135,30.827287439613137,3.935656119656028
55,6,82.76909445725829,31.000630822974053,3.848393500997489
56,6,83.03709713888028,31.07894044846301,2.7920930285504486
57,6,83.15870906175408,31.13455243183683,1.337241656539032
58,6,83.28388022135891,31.23972462256002,1.6349008807365983
59,6,83.38427254674454,31.377811158407148,1.7072349099814668
60,6,83.43505286115821,31.429792072192285,0.7266812045105591
61,6,83.39848234022477,31.50008482894029,0.7923682636613778
62,6,83.30876773457352,31.510678919196323,0.9033795002939072
63,6,83.24146819646039,31.48064090427181,0.7369877998207554
64,6,83.1977791932867,31.451813243172943,0.5234274584640259
65,6,83.17650525763318,31.382353477962432,0.7264460971943849
66,6,83.15289472076694,31.381143124098937,0.2364153987343307
67,6,83.14343963858292,31.350272117042053,0.32286493396043286
68,6,83.11037401974065,31.31819075573617,0.4607112862369594
69,6,83.14104870062583,31.26658720101832,0.6003218226023181
70,6,83.21421691274907,31.201968854668912,0.9761720109818218
71,6,83.31808697489106,31.161714115530422,1.11397638361365
72,6,83.49634788395046,31.17465064781272,1.7872969973167825
73,6,83.7206343994314,31.148165427767644,2.258448757608158
74,6,83.86702515793682,31.17086304973037,1.481399210832607
75,6,84.03822192369802,31.236613474193284,1.8338879716096788
76,6,84.17048439669071,31.364938892884304,1.8428449431346188
77,6,84.37708338344855,31.39452125727341,2.0870615135212436
78,6,84.5624627737163,31.50657816620292,2.166154869229835
79,6,84.71007617628099,31.647085367465685,2.0379398966461033
80,6,84.84945714494005,31.8745311595048,2.66755773584448
81,6,85.10333155882074,32.058468485238286,3.135046376391463
82,6,85.37489349465962,32.18633819693665,3.0016087047844966
83,6,85.63702752682818,32.35930404050135,3.140564182770275
84,6,85.91804455525225,32.51804471517415,3.2275249349907797
85,6,86.17778763748785,32.60732564081992,2.746589748277248
86,6,86.49893442667496,32.74533372705141,3.4954469252224127
87,6,86.84252346262998,32.9186768271331,3.848392599182548
88,6,87.07159188554937,33.059561256302175,2.689252029116459
1,7,66.83195884458674,23.50622254692302,0.1111048235795771
3,7,66.85556938286481,23.50743295970048,0.23641544299652184
4,7,66.87681616043113,23.500925601577165,0.22220964576221508
5,7,66.8874395501628,23.49767192160418,0.11110483461911294
6,7,66.93466062668396,23.500092747877343,0.4728308860113606
7,7,66.99250509338961,23.499259892592868,0.578504621968179
8,7,67.07749220389083,23.473230458532747,0.8888385898933637
9,7,67.21559625843159,23.43093262624697,1.4443627140255746
10,7,67.4422466005903,23.412165663504275,2.2742598024685803
11,7,67.66886987142132,23.317431404001,2.4562712962086892
12,7,67.90970277813904,23.344971057080244,2.4240239571800455
13,7,68.26625168562543,23.446812272120173,3.7080824763016507
14,7,68.60978637240206,23.46822209554043,3.4420119342849165
15,7,68.98994581914805,23.57127368248856,3.9387921311329284
16,7,69.39252038555142,23.63369313328893,4.073849154707179
17,7,69.77501651676491,23.66849517450925,3.8407612847765638
18,7,70.22486631096082,23.88526993287397,4.9935571810302575
19,7,70.63339089800567,24.08093463118401,4.529646922056128
20,7,71.01121366642167,24.25223559502317,4.148422164459059
21,7,71.39729606468613,24.41256508180717,4.180492346387691
22,7,71.76566379005793,24.55299492840882,3.9422750146603738
23,7,72.1505778557254,24.74744910587287,4.312438580222162
24,7,72.49063461330653,24.94720022455028,3.9438446697285534
25,7,72.80947169436917,25.22942593532776,4.258032833180117
26,7,73.20506335838824,25.57256082697212,5.236738665478439
27,7,73.61127842788207,25.912441988210013,5.296507211816981
28,7,74.03754485098071,26.203973231433228,5.164237884108177
29,7,74.45082413659556,26.491040353800265,5.031970793460662
30,7,74.83935168270966,26.88698901751581,5.547332677851334
31,7,75.23852975719832,27.355651175307784,6.156194874260432
32,7,75.64594036103964,27.73737460058078,5.5829756718482235
33,7,76.31184432355353,28.01460243395521,7.2130670237367696
34,7,76.80655155119271,28.226079538412243,5.380128314343217
35,7,77.34146995758118,28.644725710815244,6.792660150197891
36,7,77.9554253430351,28.9040970572002,6.6649434405208305
37,7,78.5292781052233,29.260168065826868,6.753469892251198
38,7,79.22938889422565,29.459384995761845,7.2790281085472754
39,7,79.83272091733987,29.72200981907228,6.5801316699131105
40,7,80.09732727251384,30.20656249115069,5.520940275141366
41,7,80.46102187624572,30.48349052726266,4.571246022350203
42,7,80.82938970895934,30.623919670665305,3.942273512770615
43,7,81.13874478202617,30.799306479796776,3.5561368653287224
44,7,81.46108701307872,30.979157323773045,3.691217143421903
45,7,81.89797702713818,31.26743406775079,5.234275169527147
46,7,82.26993128340874,31.53339049476471,4.5725571601434565
47,7,82.61354747179502,31.7827010283226,4.245324805760254
48,7,82.6502538636035,32.09224411674003,3.1171185859154784
49,7,82.83916533792305,32.17789410681331,2.0742098719546496
50,7,82.8805177509148,32.274971184372696,1.0551768120893916
51,7,82.79316691910968,32.293283032030864,0.892496026977331
52,7,82.9667002878091,32.29078404385444,1.7355136125676482
53,7,83.1402064789602,32.212317886039465,1.9042409587550393
54,7,83.20986979378075,32.250073646315066,0.79236827711469
55,7,83.23589846258521,32.410936080942726,1.629546393143512
56,7,83.1922638192741,32.53404275653201,1.306110089982191
57,7,83.19818684107209,32.59132071852142,0.5758339271769317
58,7,83.22060190075952,32.550688610009644,0.4640477500111585
59,7,83.20408267921935,32.57263151498228,0.2746590174982497
60,7,83.23242076026014,32.58927736908666,0.3286535099369172
61,7,83.2513037529348,32.57505221614562,0.2364153947075454
62,7,83.23005698808828,32.58155961765335,0.22220965119144137
63,7,83.2088102228591,32.58806701892693,0.22220965416454308
64,7,83.16039367210638,32.543803858450794,0.6560022684508566
65,7,83.02109422041602,32.544259507157015,1.393001969021551
66,7,82.82987333515378,32.60282611676804,1.9998868648452393
67,7,82.93260227782447,32.67266323715484,1.2421939883190263
68,7,83.00702032553828,32.80182166968954,1.4906356536844791
69,7,83.08850250451773,32.87816618841212,1.116594421901855
70,7,83.34585464071495,32.88376227914933,2.574129721610932
71,7,83.57962342623752,32.96411517945177,2.471931100813918
72,7,83.7484564383455,33.02214782365472,1.7852835564873266
73,7,83.9952123788551,33.1069647571996,2.6092605541174727
74,7,84.28209807580109,33.171049122227764,2.9395613440315853
75,7,84.57371131960895,33.250568974807,3.0226096492661063
76,7,85.06950540196866,33.20001906233831,4.983643905351761
77,7,85.48267619872414,33.18321650916625,4.135123130992092
78,7,85.8462621467427,33.15627550879082,3.645827191431174
79,7,86.34444718480529,33.18941044483226,4.992857459770827
80,7,86.88039820396817,33.19409504682306,5.35971492187357
81,7,87.37855604517463,33.151262806302924,4.999958355661162
82,7,87.99120731108394,33.06492206252583,6.187053399286753
83,7,88.50352059260872,32.992429146150776,5.174167772224361
84,7,89.12921338496254,33.06248662947403,6.296026694456631
85,7,89.72181335763071,33.024495656253244,5.938165050355001
86,7,90.28373866339678,33.03810819317409,5.62090162181931
87,7,90.85631453742596,33.12443408887061,5.790468822022012
88,7,91.40408439154342,33.167707199350325,5.4947645551966575
1,8,77.29431519556827,8.91399055212191,1.6743810451853496
2,8,77.34159006776001,9.068345727708111,1.6143244336561426
3,8,77.34990352972609,9.209308614030874,1.4120782191615888
4,8,77.31099593049802,9.34785063386116,1.4390167662799254
5,8,77.25907428587979,9.405961404516368,0.7792765135691089
6,8,77.32281465079144,9.386439427787842,0.6666289593514303
7,8,77.36299830192387,9.517641326089889,1.372175788169758
8,8,77.35946613887296,9.544048265962632,0.266421217109457
9,8,77.35715621770844,9.688264817129202,1.4423504902126358
10,8,77.31822171417396,9.750839687428387,0.7369877854100502
11,8,77.30523457581117,9.746375591835836,0.1373294987661616
12,8,77.28040180306061,9.627355546482246,1.215830489766211
13,8,77.33821935019773,9.550555592862764,0.9613064876982548
14,8,77.32879128479662,9.595651712386406,0.4607112342127317
15,8,77.33123576615422,9.831270938312407,2.3563190597853185
16,8,77.31596562793919,10.046990553388152,2.162594031470856
17,8,77.32308377825296,10.146110986604173,0.9937569292750131
18,8,77.29952708247637,10.296834871306611,1.5255362118188107
19,8,77.32552827998964,10.381730218018266,0.8878784919917782
20,8,77.30786749274615,10.513764921876104,1.3321060929553181
21,8,77.32919504936672,10.735159067292372,2.224190466124759
22,8,77.26434012909435,10.940740076444722,2.1556834648814722
23,8,77.21127701800587,11.108942723854156,1.763741034107056
24,8,77.19008409016477,11.267384377795214,1.5985273815001069
25,8,77.1216970346695,11.499372341804545,2.4185781939914435
26,8,77.0214398069349,11.74112131029714,2.6171372810814084
27,8,76.90936385263396,11.94428149045502,2.3202387449193114
28,8,76.85513236260975,12.146608862280196,2.094693769979959
29,8,76.73835586824507,12.41030070500078,2.8839233268844544
30,8,76.71716297317217,12.56874237933168,1.5985275401552976
31,8,76.7042297260205,12.716212628368217,1.4803629025608687
32,8,76.60986843935343,12.939272447067696,2.4219771910509125
33,8,76.51080661517253,13.222863926702622,3.003953600366958
34,8,76.40345820304368,13.441459669333788,2.4353188761033926
35,8,76.24065604719793,13.744573181070791,3.440673523389905
36,8,76.16169961221692,14.131749243016422,3.9514481088410798
37,8,76.15944372498635,14.427900207762908,2.9615955656954847
38,8,76.12061714668233,14.794343848675656,3.6849483734265247
39,8,75.99563506998079,15.22094157855778,4.445291246220112
40,8,75.88010802681853,15.678410371216463,4.718306835702916
41,8,75.80941134446462,16.05461506671952,3.8278975144901413
42,8,75.79778151022938,16.5477965978536,4.933186350586152
43,8,75.83570953800131,16.97514953434013,4.290327115900682
44,8,75.815793132133,17.40333532538613,4.28648731336512
45,8,75.72863129513203,17.9534173282463,5.569446971648415
46,8,75.68985894382539,18.47179545430007,5.198261024581841
47,8,75.6239169548324,18.93940294601597,4.722341709588436
48,8,75.63945702207123,19.48335520025124,5.441741895546107
49,8,75.6915948177987,20.032981949637,5.5209411641827835
50,8,75.66461438360703,20.513981729445128,4.817558842449535
51,8,75.60579086146066,21.08070976966065,5.6977265494601586
52,8,75.57647379667179,21.629959026821563,5.500311234645265
53,8,75.55422099786455,22.12639437270176,4.969338383466624
54,8,75.56503381385672,22.65491117153396,5.286273958446693
55,8,75.58176961247324,23.24070598874902,5.860338342035879
56,8,75.5973100424319,23.784658328837253,5.441742857309264
57,8,75.56918863024926,24.37575014683033,5.917603831970406
58,8,75.5564181852906,24.97902381865948,6.034088227617056
59,8,75.54362069771035,25.50633028546249,5.274617385371553
60,8,75.56978470562748,26.047028985909144,5.413313587581903
61,8,75.61839097025405,26.62306281022244,5.780809075846988
62,8,75.67289314098178,27.18040743008482,5.600031356194143
63,8,75.73212289149993,27.7531875764872,5.758344028096732
64,8,75.7795609910927,28.36334614968937,6.119998837786504
65,8,75.8222444742002,28.88210198059001,5.20508877756762
66,8,75.92986376466955,29.423178155471973,5.516750299823442
67,8,76.04221063879075,29.97968984841476,5.677385705647035
68,8,76.16398548259232,30.49110534525741,5.257137272258646
69,8,76.26214982876131,31.00131046612533,5.19562801034324
70,8,76.36976929783921,31.54238662302076,5.516750471838835
71,8,76.47738881253234,32.08346277625065,5.516750524872745
72,8,76.59796834848454,32.553035753502975,4.8480739005925075
73,8,76.76104144936343,33.009593930472455,4.848073897827382
74,8,76.9347379668384,33.462898394958124,4.854435267933541
75,8,77.09071981205199,33.89630326759636,4.606192784315486
76,8,77.28093560886137,34.32766478508858,4.714390820975917
77,8,77.44754089516307,34.75781593003128,4.612887695567567
78,8,77.6094186601261,35.17253154354649,4.451892304208664
79,8,77.79724354895718,35.520208026832414,3.9516721257523035
80,8,78.00041939134552,35.88006630719913,4.1325343904037695
81,8,78.26497176551251,36.21268459018604,4.249975068804018
82,8,78.47993930129107,36.53516439390402,3.8756195020240103
83,8,78.67602386914716,36.871869346989655,3.896400687605295
84,8,78.87447223104942,37.21629204076032,3.975031375045176
85,8,79.07408888060813,37.52658998577749,3.6896018953665073
86,8,79.28786097061892,37.807227232961246,3.527828949573068
87,8,79.50752889666175,38.06917524315486,3.4186365378079038
88,8,79.72363754045458,38.28156299342096,3.0300412932016183
1,9,72.91983892562288,3.58482207610102,2.8860677038974676
2,9,72.95298492745846,3.844805136021421,2.620874832632391
3,9,72.98729938817137,4.070663485076096,2.2845016097985402
4,9,72.95200440008388,4.410700118033009,3.4186349313252244
5,9,72.88720297826552,4.768215484155004,3.633406958806356
6,9,72.82476531468402,5.133448625327745,3.705316575468614
7,9,72.78123758818188,5.560423890728316,4.291882340399525
8,9,72.77311225379029,5.951231253455198,3.9089182112256573
9,9,72.78859747645849,6.343249076262172,3.9232354698565275
10,9,72.73920079375432,6.864880747684104,5.239652974125438
11,9,72.63076437510267,7.345502718897528,4.927026853012604
12,9,72.65453622470388,7.802516340270088,4.576314575655002
13,9,72.68895839507562,8.332243506365153,5.308443805035605
14,9,72.76111980309683,8.757553311563875,4.3138810739956615
15,9,72.80852919175966,9.29174458812214,5.362909379099491
16,9,72.86302985757916,9.849089163451572,5.600029448350364
17,9,72.89625686517594,10.336973865706948,4.8901484305556
18,9,72.90826404711098,10.907333100219455,5.704856078918327
19,9,72.9840116404318,11.458170364401555,5.560210333301409
20,9,73.1553428854528,11.903757440850288,4.773910747160793
21,9,73.24760985460176,12.432651839631056,5.368821832186331
22,9,73.34104526925871,12.927421513739809,5.035148529386177
23,9,73.39198714969673,13.435205853578587,5.103332352179949
24,9,73.44648817532911,13.992550446026708,5.600029968903232
25,9,73.54348281921769,14.536880366378696,5.529041717454061
26,9,73.61567161024497,15.038157375684058,5.064482812766858
27,9,73.72801723713788,15.59466914816622,5.67738401724947
28,9,73.76127166747403,16.158521089806264,5.648317176188229
29,9,73.84408397696794,16.656544427981885,5.048614898873777
30,9,73.9398834684231,17.15903185465495,5.11538030382479
31,9,74.06168429533817,17.746414668044153,5.998783300822012
32,9,74.17283477426474,18.26108393654675,5.265347898350173
33,9,74.3158554631467,18.765992172877493,5.247735173985928
34,9,74.4234739023385,19.307068391358868,5.516749066798159
35,9,74.5346245056292,19.821737642541795,5.26534799158688
36,9,74.6894641038017,20.365234662870403,5.651232717454638
37,9,74.8702780430546,20.91765983724267,5.812634978289806
38,9,75.03571407282587,21.381935937925263,4.92870548533298
39,9,75.26372211614263,21.86081466576013,5.30389011754467
40,9,75.43391279528893,22.41649346933184,5.811572936883485
41,9,75.6194273656718,22.90838688300134,5.257135971570204
42,9,75.85333138802572,23.3685763434214,5.162222691390301
43,9,76.12266478902424,23.868564972455555,5.6791646397765625
44,9,76.35067301864919,24.34744358484405,5.303889876117656
45,9,76.61764273196128,24.83971439653802,5.600030177345312
46,9,76.81024877625894,25.35476098405352,5.498818742342339
47,9,77.02643829633561,25.79505073050809,4.905027720859591
48,9,77.28395306441294,26.25645042508139,5.283971365651534
49,9,77.56507840181419,26.71906047204807,5.413312395229756
50,9,77.78007257454036,27.11750766452341,4.527501071205693
51,9,78.0493791431965,27.54152886539305,5.0231464910779025
52,9,78.27855596514802,27.98628256031443,5.0032775744107285
53,9,78.53248454005717,28.322154683942863,4.210579587017296
54,9,78.7687255807904,28.714094405597827,4.576314835516586
55,9,79.05335603521287,29.074330121137628,4.59112476780161
56,9,79.25886813440025,29.36593896094916,3.567505267951651
57,9,79.49741871220373,29.61366198056509,3.439085236193046
58,9,79.69586668096257,29.958084711880595,3.9750297376414947
59,9,79.93085805006532,30.15624746779149,3.073913163753821
60,9,80.16112188714135,30.3389746961774,2.939569265361323
61,9,80.37486649863469,30.5436448150622,2.959334663514046
62,9,80.58744281284741,30.78243963558144,3.197055765404833
63,9,80.77643576330479,31.09599126740828,3.6610512307786456
64,9,80.97368834193603,31.398571432614112,3.6119708768574057
65,9,81.27837023799376,31.71045706646793,4.360088375133375
66,9,81.5464272814396,31.94070108077033,3.5336508693278432
67,9,81.89827592087836,32.10307301383251,3.8750756085688396
68,9,82.37285043583188,32.13499784567763,4.756471014646312
69,9,82.77311562856549,32.34163289427761,4.504556224801636
70,9,83.28542894825202,32.269140203491794,5.174167834015409
71,9,83.79540567172907,32.26489690952376,5.099943764710442
72,9,84.3207333196037,32.2728353933478,5.253876256126697
73,9,84.89445033398474,32.249069849199465,5.742090330872124
74,9,85.4705311151468,32.23302202978777,5.763042589918648
75,9,86.07372731794233,32.11581044758956,6.14478814987428
76,9,86.67695069750948,32.074565982913946,6.046317486890656
77,9,87.35339662864024,32.12063739491645,6.780130328741935
78,9,87.93420493699784,32.12002496371925,5.808086312454322
79,9,88.59652259166712,32.27172404607462,6.7946838577970325
80,9,89.23281157360485,32.262560771936045,6.363549592234544
81,9,89.95419633677113,32.53123623462273,7.697937910754943
82,9,90.55986501488287,32.725610587075344,6.3609428274195
83,9,91.20452234827658,33.00934407786017,7.043349851393379
84,9,91.9506587622926,33.16913786670738,7.630554391882902
85,9,92.65316055654104,33.45203814873921,7.573251220552236
86,9,93.28841721637878,33.85683457882871,7.532670002604648
87,9,94.02748951796676,34.06944196562505,7.690447112456634
88,9,94.72526379341356,34.33690649952364,7.472792091105587
2,10,67.15465014659232,27.97436822267474,0.11110482513228442
3,10,67.15228638006325,27.966650451742687,0.08071640500147106
4,10,67.19477992778081,27.95363570652768,0.44441930545790603
5,10,67.25852024735286,27.93411358929638,0.6666289372911629
6,10,67.33288395484952,27.91133778547892,0.7777337739985329
7,10,67.44620912086,27.90195423557289,1.1371299072728032
8,10,67.61737875325247,27.89173779450964,1.7147425089898973
9,10,67.81688645722164,27.898167290096687,1.9961127812965838
10,10,68.063615239639,27.90701757454584,2.468874634484015
11,10,68.28909724938663,27.922375226852523,2.2600441191313054
12,10,68.54998150436623,27.90156481910656,2.6171294879469493
13,10,68.7742680671833,27.87507992946737,2.258448840232958
14,10,69.03634776641002,27.896112045055546,2.629222672823302
15,10,69.33975269125847,27.938254164733344,3.0631765648299143
16,10,69.59593653644978,27.977975487124617,2.5924495364330555
17,10,69.843860761279,28.02866825633179,2.5305370597377386
18,10,70.12955099846224,28.05091073192203,2.86554775465693
19,10,70.42350085340267,28.06218174391973,2.941658595604796
20,10,70.61947646600812,28.095018172820915,1.9870750312724614
21,10,70.88864746071881,28.1392035352439,2.7277347863381767
22,10,71.16254598947121,28.19882442024825,2.803124220961849
23,10,71.42582113184633,28.261698983511373,2.706787972822565
24,10,71.66901782036656,28.296956163316658,2.4573908528157924
25,10,71.89216318527046,28.380563229497,2.38293926471865
26,10,72.18497185046071,28.5019261947605,3.169635369376828
27,10,72.4954680707217,28.567221488206407,3.1728753228348943
28,10,72.74339229325491,28.61791416059904,2.5305368433003594
29,10,73.02204549164935,28.76893775685337,3.1694752184082517
30,10,73.26293268541448,28.94841162481924,3.003955881877622
31,10,73.44950750446623,29.1023114250772,2.418580402294504
32,10,73.67504378663405,29.269603431779764,2.8080817310159367
33,10,73.90533475250923,29.52829820047736,3.4634796421406513
34,10,74.12614350659497,29.680154654307977,2.679867318560873
35,10,74.32217341702668,29.86492546045141,2.6938444013483083
36,10,74.5088025601204,30.170759695608822,3.582806392288282
37,10,74.69423625280001,30.434751415680267,3.2261010933799956
38,10,74.81826626276525,30.65001580283886,2.484395293642719
39,10,74.97655736441048,30.93920410564672,3.2967551826144588
40,10,75.11713378289038,31.20849280871851,3.0377316378298076
41,10,75.26007398289934,31.48549926504554,3.1171217112179233
42,10,75.36878027247944,31.76454903864792,2.994759314900151
43,10,75.51172049695073,32.041555477205414,3.1171216654825717
44,10,75.62751812483074,32.343758520795824,3.2362906262872198
45,10,75.73269238541484,32.64921525382868,3.2305640505106177
46,10,75.84612627193084,32.9437005214349,3.1557696279550096
47,10,75.96428771595114,33.25362130556342,3.3168210576966755
48,10,76.10486423060532,33.522909945290735,3.0377315213576987
49,10,76.19349213250342,33.77434233274624,2.6659548093775722
50,10,76.31401739214071,34.09198085525908,3.3973602869695583
51,10,76.40384080469686,34.38525573244418,3.067220224098124
52,10,76.47478123866779,34.69275576879592,3.1557695975515365
53,10,76.58112389425976,34.96408771619796,2.914271539842095
54,10,76.68512999782499,35.30366913918325,3.5515181601047052
55,10,76.8115511611389,35.60261841310714,3.2458123623102675
56,10,76.91553007756626,35.8662325845051,2.833796859749173
57,10,77.0218727819793,36.13756450966094,2.914271510869466
58,10,77.09990463123913,36.46821779872624,3.397360255678101
59,10,77.15549423269528,36.76353599309139,3.0050464174974505
60,10,77.18391402274193,37.00808358049986,2.461934340586663
61,10,77.28316544339084,37.25626221301334,2.672891283555905
62,10,77.38241687188903,37.50444084214362,2.672891281289171
63,10,77.46278532703516,37.76684463672496,2.7443549331903223
64,10,77.55850473011475,38.04143023934893,2.907910887463336
65,10,77.6506921017735,38.3424228188132,3.1479365366205303
66,10,77.83493061692123,38.56457177049776,2.8860697704384686
67,10,78.01916913785158,38.786720711255285,2.8860697232446513
68,10,78.18449742966992,38.94712757865934,2.3035582733230973
69,10,78.42658042430217,39.16844347170426,3.2800137317454903
70,10,78.66157208631383,39.36660607569294,3.0739144235741933
71,10,78.86469361444583,39.5745297919675,2.9067271454352577
72,10,79.15043840561361,39.74870606230648,3.346452731306992
73,10,79.48457253696075,39.89117825035719,3.632408871521295
74,10,79.80925154640697,40.00277939509656,3.4332386267504345
75,10,80.10322867485404,40.09001692104817,3.0664790555968473
76,10,80.4467906621966,40.18739285613061,3.570951020105908
77,10,80.78798887118873,40.277051016863474,3.5278152390032362
78,10,81.1398104581646,40.36345544939396,3.6227635173046746
79,10,81.52703421749054,40.41369175454888,3.9046885425361024
80,10,81.90127081550943,40.459464001824905,3.7702537038965267
81,10,82.27667566477795,40.47111150889214,3.755854966252046
82,10,82.69104199389572,40.49615112348184,4.151221952694598
83,10,83.12665507792636,40.51468329579749,4.36007110480343
84,10,83.49026829125995,40.56370919155997,3.6690340331767866
85,10,83.9317771875677,40.56355211248532,4.415089242503772
86,10,84.38507771449724,40.52601659007804,4.548519354218304
87,10,84.80650810140706,40.49824219633684,4.223446317388805
88,10,85.25744484161605,40.452988899999326,4.5320172605553815
1,11,43.55183824605304,1.976593265021405,0.6071411043813519
2,11,43.58137152876377,2.0350820250644635,0.6552213243665361
3,11,43.65222995911127,2.114681073358364,1.0656887744837185
4,11,43.71010125362847,2.1898159570626827,0.9483848099984883
5,11,43.73373860847839,2.2669939491821296,0.8071658449098497
6,11,43.77625903240461,2.329946868826058,0.7596747029196345
7,11,43.77864958426413,2.4136321344837395,0.8371940292662032
8,11,43.79755947075131,2.475374526988549,0.6457326721775813
9,11,43.87431383659113,2.536284334990296,0.9798590401829401
10,11,43.95579567441382,2.612629738748252,1.1165979836059603
11,11,44.09275825763807,2.680424753482731,1.5282314362133367
12,11,44.27104598855087,2.7693300472692126,1.9922516471895693
13,11,44.563854222750535,2.890694982666762,3.1696389314743607
14,11,44.779908089936114,2.951150112142935,2.2435261577664884
15,11,45.05263797912592,3.044897468650424,2.88392370408139
16,11,45.38913510293549,3.195090433991611,3.6849456057056447
17,11,45.681943342956345,3.3164553098415617,3.1696387572432267
18,11,45.99010246062973,3.4500021232357003,3.358523383467313
19,11,46.40805460739928,3.60057293949186,4.442471921096659
20,11,46.76460325580136,3.7024159220803856,3.7080848396426753
21,11,47.13650278077512,3.816440833669345,3.88987065515777
22,11,47.5532864833081,4.001136388376096,4.558739986284977
23,11,47.966511163231175,4.136271503307386,4.3475985944544275
24,11,48.28648897980473,4.308407159231416,3.6334073146232306
25,11,48.7375066303439,4.491059490333132,4.865992140918076
26,11,49.18023777693956,4.6087158002405175,4.580981067707356
27,11,49.63122858645667,4.715400645621969,4.634375540490445
28,11,50.03263457888178,4.811946660819798,4.128533684074384
29,11,50.4753657282336,4.929602885384115,4.580980875152264
30,11,50.89568163249005,5.087891175164417,4.491332119232492
31,11,51.255816179606526,5.315261685575132,4.259040279584316
32,11,51.69735203531465,5.391075226061492,4.4799732677437145
33,11,52.13182352592902,5.519702768200904,4.531120399564544
34,11,52.56037224179414,5.591052113357208,4.344476158570515
35,11,52.98182973645821,5.639248072359361,4.242042789419388
36,11,53.37024859464901,5.731329744372475,3.991844732939624
37,11,53.8519143006982,5.786410790650324,4.848048824454249
38,11,54.22617757801328,5.908153071204604,3.9356598382124157
39,11,54.65709002852133,5.987220088286767,4.381063035304633
40,11,55.093898396263,6.047597862229452,4.409614787205514
41,11,55.541303298172096,6.02875460459286,4.478015348462378
42,11,55.92733154704917,6.037151003826748,3.861195520187961
43,11,56.325151631007486,6.0081689578106,3.988743889896707
44,11,56.7324266736757,6.010058034943068,4.072794237287284
45,11,57.1350010977269,6.072478877327484,4.073849880201007
46,11,57.54700361534034,6.089803489556617,4.1236660474473545
47,11,57.95427865330373,6.091692520950989,4.072794188118193
48,11,58.41228007415279,5.993628180276463,4.6838223323657955
49,11,58.77703465111634,5.932564455317754,3.698306097684318
50,11,59.08041257949351,5.898740398702625,3.052576522092918
51,11,59.47114142918821,5.846604926129112,3.9419175725045785
52,11,59.846546263904685,5.858254851851827,3.755855570943192
53,11,60.18888560130192,5.837823167083307,3.429485029447683
54,11,60.584341927170144,5.8011232256127485,3.971556261380891
55,11,60.96561581359256,5.718116604446559,3.9020491491660945
56,11,61.28548619118128,5.586382353948334,3.459349233787765
57,11,61.63488988295734,5.513136678018137,3.5699841577969513
58,11,61.98782575349628,5.413484018330854,3.667347560510605
59,11,62.30774984714933,5.433684354179405,3.205611942642463
60,11,62.63354300166043,5.359228188634086,3.3419290853338453
61,11,62.99003790769193,5.309135825675398,3.5999703172830895
62,11,63.43738906018619,5.138357775257392,4.788404704518207
63,11,63.74190856262486,4.994441627717352,3.36814466566178
64,11,64.08185729690813,4.89032483254201,3.555354398345971
65,11,64.41354637035373,4.797179462309305,3.445195225803465
66,11,64.72635238746315,4.718259164444898,3.226081489281812
67,11,64.98960044552258,4.705167407252361,2.635733942917046
68,11,65.33427665543687,4.616486153790305,3.5590174823464453
69,11,65.66360198935992,4.515623004148708,3.4442495629549374
70,11,65.99645950679857,4.388352887623398,3.563591018562455
71,11,66.26204445491,4.307011637762638,2.7776206291043164
72,11,66.56659081156276,4.239062752726071,3.120345082329603
73,11,66.87705993251703,4.228391916693187,3.1065244535936887
74,11,67.19815245033472,4.214467423417734,3.2139430068294814
75,11,67.56646603439687,4.202963860898468,3.6849318603651455
76,11,67.93005214236202,4.176024748073878,3.645827391759242
77,11,68.26174121035152,4.082879350698661,3.4451952466577405
78,11,68.60880799629787,4.077883064077273,3.4710274672945878
79,11,68.97239409833175,4.050943930770824,3.645827347742789
80,11,69.28052631878478,4.108522491787703,3.1346571737606417
81,11,69.55442460724285,4.1681442266226725,2.80312368055696
82,11,69.90388197117154,4.2468328799307,3.5820713751043787
83,11,70.2863779718995,4.28163583988902,3.840760817790398
84,11,70.64406814602705,4.273385836316461,3.577853032565029
85,11,70.9663559435346,4.301303729251099,3.234947189185201
86,11,71.30046243078823,4.3678104414050445,3.4066154403820086
87,11,71.57319227151105,4.461556821777577,2.8839200726380243
88,11,71.80818285251792,4.65972052561742,3.0739132499384345
3,12,68.28363501124815,32.45726034479021,0.1614328124286396
4,12,68.29545387072781,32.49584919296192,0.40358204155035116
5,12,68.31789611489044,32.53118434722597,0.4185961597911787
6,12,68.35805305805049,32.586419117644475,0.6828953028938003
7,12,68.40293754848861,32.65708942505557,0.8371923214810372
8,12,68.45608165115914,32.71678826751331,0.7992651274420809
9,12,68.513953297988,32.79192264943302,0.9483829845131617
10,12,68.57772078516967,32.84836779720772,0.8516071352903027
11,12,68.64974788548182,32.89384147958404,0.8518074294250744
12,12,68.7217749863551,32.93931516077745,0.8518074278550286
13,12,68.82803601107386,32.982745526755224,1.1479373703841602
14,12,68.93666080968026,33.03389365827333,1.2006447530420543
15,12,69.07832405367228,33.041155934632584,1.4184926984746513
16,12,69.17396169624875,33.08783998814094,1.0642349143660546
17,12,69.26370349952403,33.15321327181204,1.11028183237591
18,12,69.39477054627072,33.23969654203266,1.5702842663337255
19,12,69.52703307487552,33.36802234490328,1.842848017480667
20,12,69.6486722231133,33.49960183605447,1.7919052674630043
21,12,69.75259666920702,33.61128171673201,1.5255387980657287
22,12,69.8695082745821,33.72742566525033,1.6479605653293032
23,12,69.99940704007636,33.84803368002823,1.7725682640056268
24,12,70.17652688758938,33.97106243901276,2.1565601294725507
25,12,70.36663389565783,34.09855525908031,2.2889974592714992
26,12,70.5047922766764,34.208191792667634,1.7637433980802755
27,12,70.67957555811674,34.39947005787934,2.591072561960658
28,12,70.83074830381533,34.589537943457586,2.4285592471717594
29,12,70.96420634948328,34.75970621940199,2.162597791809657
30,12,71.13426209649451,34.935548925993,2.446213697795001
31,12,71.34327932357147,35.12478382388721,2.819539816990962
32,12,71.52512674580669,35.2632480482346,2.28562521857191
33,12,71.68925946126816,35.381812668488045,2.0247744926436044
34,12,71.85458767465647,35.54221980814233,2.3035596062233306
35,12,72.07422829979532,35.72820096445675,2.8780374340066124
36,12,72.24664784844175,35.91176137943521,2.518390889089808
37,12,72.39072931120234,36.07867589304855,2.204992579715523
38,12,72.59974656835543,36.26791071650541,2.8195395403603185
39,12,72.79104912098212,36.43724593542144,2.554820600488956
40,12,72.97642862035678,36.5493030953478,2.1661571013932326
41,12,73.15591229472865,36.68004947602403,2.220563113851065
42,12,73.32360431590074,36.848174307552654,2.3745857099988488
43,12,73.46532202379544,37.00737101084053,2.131372775200415
44,12,73.60587146347814,37.20069246300373,2.3901323992953007
45,12,73.7263151801157,37.2904292849716,1.5019782320114827
46,12,73.82670764165965,37.42851602915361,1.7072373957256568
47,12,73.94125553718389,37.53694207101447,1.5772579663024353
48,12,74.05343965492267,37.63765034842493,1.507562052182565
49,12,74.17151959860257,37.71966939233683,1.4377063908765235
50,12,74.26245695745118,37.82688507046904,1.4058735672779779
51,12,74.33097928852368,37.974732908600025,1.6295488055168985
52,12,74.39833335612781,38.15670550035947,1.9403761123676975
53,12,74.44680444601553,38.352903262413854,2.020965323553375
54,12,74.50826270240555,38.553565079298174,2.098625312765881
55,12,74.57561678654088,38.73553766483379,1.9403761113822036
56,12,74.62645167390735,38.93945318437361,2.101564295536944
57,12,74.69736506799454,39.1709860439757,2.4214907502711167
58,12,74.82612293235759,39.40168588945743,2.641988007933202
59,12,74.92417892442558,39.60802209474681,2.2845044800493532
60,12,75.02579422525963,39.86391857514976,2.753337575492958
61,12,75.13096884343332,40.16937532540855,3.2305653775561263
62,12,75.19835024710667,40.42731515997672,2.665955960214757
63,12,75.38261611390632,40.72543145850365,3.504671698102724
64,12,75.61763510952468,40.99956143368304,3.6108333053924997
65,12,75.79950993674866,41.21399267497065,2.8117469661741556
66,12,75.9979039650983,41.40648096328183,2.7642708192535386
67,12,76.21874029209229,41.63430432982832,3.172887796074291
68,12,76.43604459718783,41.88853467231296,3.34446151200626
69,12,76.62501080540382,42.12611914380791,3.035697760697942
70,12,76.87415796861025,42.29462106120055,3.0077766722083514
71,12,77.09496702795862,42.446477110404246,2.679867540944258
72,12,77.37125676833847,42.589782339824566,3.112433283114302
73,12,77.62390866893278,42.65590997168365,2.6116249073940594
74,12,77.86240516464377,42.7516982940088,2.5701358166503354
75,12,78.14575895890422,42.84218950904219,2.9745257221952763
76,12,78.4173211357353,42.97005916962153,3.0016106673236393
77,12,78.65345385115116,43.05812969999516,2.520219784263975
78,12,78.875403857983,43.09989368040117,2.2584515844270476
79,12,79.12332818990569,43.15058573716232,2.5305366817729973
80,12,79.39719954183649,43.13423863281377,2.7435878923224397
81,12,79.6191222423873,43.10003535796416,2.2454297813605066
82,12,79.85050007948317,43.09670310522648,2.314018310374131
83,12,80.09250129442904,43.09011713320437,2.42090815734002
84,12,80.34748967161914,43.08799519577104,2.54997206103347
85,12,80.54226980478461,43.078988565498015,1.949882551971571
86,12,80.73821817641905,43.03585719806386,2.0063917664038167
87,12,80.93653033343253,43.00044358375242,2.014493377947335
88,12,81.1053088348063,42.90654165130112,1.9314180138971235
2,13,66.12502883868201,40.54712475006458,0.2421493933458321
3,13,66.10731411429347,40.52722513832809,0.26642184734458996
4,13,66.09785898820662,40.49635404894686,0.3228658496809519
5,13,66.09076764308227,40.47320073282754,0.24214938013420872
6,13,66.0789487359144,40.434611870886094,0.40358231286555646
7,13,66.08484455330203,40.41592262222445,0.19597159952532983
8,13,66.12733807791798,40.40290780388742,0.4444192987069857
9,13,66.16866334751585,40.42401777759218,0.4640483700166844
10,13,66.13679320372965,40.43377889285875,0.33331448156356935
11,13,66.06242953736607,40.45655482425797,0.7777337543231719
12,13,66.00458506900726,40.45738780279718,0.5785046562440115
13,13,65.90068776972622,40.42167525885081,1.0986370917193766
14,13,65.80977763177258,40.39042678084995,0.9613074721503323
15,13,65.7235950577297,40.37461384900657,0.8762125816341483
16,13,65.63151666657257,40.37749016350529,0.9212330488633749
17,13,65.53710176199804,40.44861607181512,1.182077367971883
18,13,65.41671253406662,40.51081384352177,1.3550693342850542
19,13,65.33411654003386,40.62052862019512,1.3732964155906922
20,13,65.2727673101738,40.72373598824563,1.200645194232496
21,13,65.1877802624713,40.74976562569719,0.8888385850674002
22,13,65.12996306868872,40.826565972512775,0.961307503761797
23,13,65.01666518966933,40.91191707065178,1.41849283903123
24,13,64.96713487445595,41.05371331392449,1.5019795847943214
25,13,64.97074874667545,41.25520840746425,2.015274988506938
26,13,64.96960777636355,41.36530058150587,1.1009808626158146
27,13,64.94722004851603,41.48190016594054,1.1872941273547772
28,13,64.93309191893648,41.58752827343362,1.0656876248688731
29,13,64.91543176098577,41.71956340834594,1.332109531163227
30,13,64.96270742285081,41.87391888249743,1.6143296009584978
31,13,65.09143810138531,42.02865172984632,2.0128050487974765
32,13,65.15759674836181,42.16878201169926,1.5496277766594837
33,13,65.236742560955,42.31337636014698,1.6483805766283894
34,13,65.35838189871706,42.444955874882126,1.791906727179986
35,13,65.4646702910769,42.56435354629988,1.5985313975778281
36,13,65.57921828018453,42.67277973389172,1.5772596477531833
37,13,65.69140248791872,42.7734881450884,1.5075636155965881
38,13,65.82366521546997,42.90181393392991,1.84284934764325
39,13,65.94530456342055,43.03339342775708,1.7919066428153307
40,13,66.05515229490517,43.20235142253784,2.015274872384677
41,13,66.1779871964782,43.37577347489771,2.1251734350204674
42,13,66.3208733137885,43.500845534056,1.8989329240946227
43,13,66.43425308030982,43.64339648856451,1.821421041047829
44,13,66.61373691260874,43.77414295129477,2.220564873476665
45,13,66.77197398820739,43.9113968253735,2.094698022236918
46,13,66.90423673631454,44.03972257201131,1.8428492012914774
47,13,67.07899300360208,44.155033470398486,2.093713357724275
48,13,67.23486630063917,44.2845695534588,2.026723502203047
49,13,67.4214415037265,44.43846929002924,2.4185829595762955
50,13,67.60921226352411,44.63421158143789,2.7124325407442376
51,13,67.82529382516667,44.770632392151285,2.555423230652508
52,13,68.10628389081417,44.8534061270992,2.929281621657677
53,13,68.3683909861532,44.95040504521559,2.794797301108173
54,13,68.58917280021606,45.02629401065551,2.3346037029103934
55,13,68.85481191499454,45.09688588676043,2.7485878605623477
56,13,69.15704874050839,45.17315214832913,3.1171082969693424
57,13,69.46048112262008,45.291260952402816,3.256085074344548
58,13,69.75209456867992,45.37078089933476,3.0226118487651616
59,13,70.12513569489626,45.37471080462911,3.7306182598112967
60,13,70.46513845677943,45.42252662049898,3.4334855516731784
61,13,70.79215405295403,45.46587836974568,3.298766046632905
62,13,71.14397575030023,45.552282991696906,3.622765040933409
63,13,71.4946018878191,45.5968450498237,3.5344655230444566
64,13,71.80509830079323,45.6621397203288,3.1728759267606526
65,13,72.18406255531829,45.72334761525992,3.838753868244641
66,13,72.5394162660192,45.783345158992745,3.6038308084991852
67,13,72.8499126787041,45.84863978497315,3.1728758323028012
68,13,73.18991543518868,45.89645548672696,3.4334853392918614
69,13,73.5098669974253,45.99262114175098,3.340910585212606
70,13,73.8440012914453,46.13509335731666,3.63241047581948
71,13,74.14743367983681,46.25320193463736,3.2560843103595682
72,13,74.44967050281039,46.329467968486256,3.117107715177741
73,13,74.76962206967715,46.42563355657416,3.340910436883778
74,13,75.07539090360416,46.47549255914985,3.0980719801018557
75,13,75.38825110481334,46.5485048331957,3.212667079888494
76,13,75.67513697369876,46.61258900915493,2.9395626098880125
77,13,75.9738417866992,46.71526197592542,3.1585804313818393
78,13,76.28789755654151,46.830116726937376,3.343989240432233
79,13,76.5582642506314,46.91614382195988,2.837231226937717
80,13,76.83216295379378,46.97576390748191,2.8031242247123576
81,13,77.11904882320513,47.03984802120514,2.939562479342758
82,13,77.40237533158113,47.05437185148583,2.836985230743259
83,13,77.64557212385881,47.089628312453264,2.457390848320717
84,13,77.90295165214991,47.17119131486314,2.6999397205393336
85,13,78.12962927024526,47.22839071685059,2.337830492852386
86,13,78.3728260607425,47.26364715451127,2.4573907972619686
87,13,78.55581460187192,47.29201891716443,1.851749526818356
88,13,78.75295852577685,47.29072996274983,1.971481375415868
1,14,41.71234447333801,50.86906531163861,1.90424103900372
2,14,41.58013633512866,50.892674214841286,1.3429956112815873
3,14,41.43494102328749,50.91181902476683,1.4645204787826605
4,14,41.292109505566,50.93868163652413,1.4533561973944242
5,14,41.18587571422884,50.97121872450497,1.1110481769995593
6,14,41.05366757502516,50.99482762598528,1.3429956180422735
7,14,40.9238232309565,51.02615432905315,1.3356989186086266
8,14,40.80577046690139,51.02010240449909,1.1820778693410567
9,14,40.70423687549021,50.99210745272236,1.0532230300290006
10,14,40.56493735317092,50.99256294140077,1.3930026700734954
11,14,40.456312377034834,50.94141457871873,1.2006473439615268
12,14,40.37485733940561,50.94103712852313,0.8145591214779185
13,14,40.3217404440958,50.95730566996189,0.5555240775967881
14,14,40.30638947514498,50.94512377260469,0.19597215897939044
16,14,40.32410423788201,50.965023473750726,0.2664227701475316
17,14,40.40792306898642,50.97311872755214,0.8420884503316026
18,14,40.525975831454346,50.97917065906662,1.1820778570536046
19,14,40.68771770468358,51.01405047565088,1.6546007119741304
20,14,40.88488909913086,51.08872968952129,2.1084009052499195
21,14,41.089151879561925,51.18656230248878,2.2648289919876325
22,14,41.328816793397706,51.248226662893984,2.4747073416486116
23,14,41.68297508116832,51.26638240861884,3.546233549830583
24,14,41.98754846922219,51.27439957667195,3.04678886196933
25,14,42.33347456385812,51.379494438498,3.6153809333499316
26,14,42.76438768883003,51.458559599958754,4.381066320313708
27,14,43.10322239978272,51.54050102147494,3.48602005023623
28,14,43.54475890185526,51.616312427663296,4.479976026394651
29,14,44.00634656511981,51.64377367870821,4.624038183092582
30,14,44.436036692598336,51.60502843547263,4.314334242103791
31,14,44.94131346055892,51.66131750482239,5.084024700657538
32,14,45.42297967572635,51.716396171410295,4.848051179049348
33,14,45.856256587305865,51.803178967588345,4.4188249096378645
34,14,46.38397570362568,51.89480322105212,5.356141050720764
35,14,46.90693982729927,51.89502426294013,5.229641703876097
36,14,47.39920201120478,51.87088152885188,4.92853862024716
37,14,47.9363488973903,51.9174092952084,5.391582424306726
38,14,48.45814481545945,51.951755155216496,5.229250598444462
39,14,48.94690240172585,52.02998701578249,4.94978991615378
40,14,49.4557385470532,52.13583630186825,5.197290584106902
41,14,50.014132181363465,52.175856512700655,5.598259266176355
42,14,50.52764110056015,52.14520621327826,5.144228328420441
43,14,51.03764543432949,52.21693052495383,5.150231037039417
44,14,51.53702638806517,52.29190852142749,5.04978253897296
45,14,52.056485900426956,52.394503928897024,5.294941006441744
46,14,52.525192324799264,52.521085669502085,4.854983514930616
47,14,53.01634110519886,52.68300260256031,5.171500920419464
48,14,53.47912432996728,52.7523060459186,4.679436722388389
49,14,53.96315430948266,52.81510202584243,4.88086422843595
50,14,54.44837989157736,52.91974063011581,4.963799986133823
51,14,54.91355432774766,53.07272928464082,4.896864144324718
52,14,55.368105389860006,53.228971622421575,4.806540712223867
53,14,55.82385206216361,53.42705656775693,4.969332700517431
54,14,56.259520173864,53.597524058628245,4.678310261157802
55,14,56.73412238370686,53.70541621063127,4.867113868110892
56,14,57.186309655693705,53.853940625231104,4.759546519145783
57,14,57.64205634038037,54.05202542186067,4.969332221321731
58,14,58.08717965579679,54.25336390068196,4.885406318632821
59,14,58.47918609714519,54.47097095328838,4.483546357546544
60,14,58.946751789070106,54.7076445401224,5.240534924700998
61,14,59.43317300034403,54.854125385418726,5.07998260642607
62,14,59.857022142030615,54.98600369239708,4.438918593080231
63,14,60.30094985544697,55.14549936381489,4.71710381420735
64,14,60.75080079327178,55.36227317588168,4.99356337558487
65,14,61.13218388949844,55.58313374374671,4.407181145869744
66,14,61.58203484022633,55.79990747876943,4.993563157370524
67,14,62.05783269010082,55.94964182994576,4.988025359472271
68,14,62.506460565813086,56.04860543459147,4.594135020986819
69,14,62.95392026962756,56.18169384209124,4.668326367645703
70,14,63.44623726899877,56.30948508369825,5.086321158768236
71,14,63.86302248238094,56.49417721208775,4.558739917817908
72,14,64.28570347200895,56.66018002904978,4.541102886218734
73,14,64.7426183869225,56.82413940156385,4.85441979340133
74,14,65.25142707013725,56.854020078923504,5.0968532546484235
75,14,65.72483366294982,56.92006896610011,4.779919012030128
76,14,66.19704461991986,56.94427523587287,4.728309754858256
77,14,66.68107458268028,57.00707034133109,4.880862937220821
78,14,67.08131319409519,57.137737846617945,4.210284349129206
79,14,67.50633051848506,57.2354908241438,4.361139422750605
80,14,67.95965852487703,57.27392222943248,4.5495412328253595
81,14,68.38581654398322,57.26158295898016,4.263366215138137
82,14,68.8037149903504,57.26021517402126,4.179006847467383
83,14,69.2275092037925,57.24015810617762,4.242685721538742
84,14,69.70914788209959,57.21926790262952,4.8209150277274535
85,14,70.1069952122503,57.26625010730998,4.006118141851104
86,14,70.54733603261616,57.30021736406266,4.416489698977939
87,14,70.97938980742876,57.26918873929811,4.331665267360782
88,14,71.3984564080677,57.23369606631013,4.205669335633867
3,15,37.837429013507375,19.81673488624281,0.22220965106438453
4,15,37.8350652563915,19.809017080435915,0.08071671089419773
5,15,37.85631204616245,19.802509759259625,0.22220965425972938
6,15,37.83033774309098,19.793581467858544,0.27465957245129174
7,15,37.82561022959614,19.77814585550992,0.16143342665660854
8,15,37.82324647308231,19.770428049083968,0.08071671505031035
9,15,37.78545338857808,19.722910724148683,0.6071419443053925
10,15,37.77836211896316,19.69975730505603,0.24215014359515843
11,15,37.79488139498192,19.67781437255551,0.274659565081279
12,15,37.84799836632109,19.661546073031,0.5555240961169493
13,15,37.94007678985798,19.658670212517187,0.9212332307691573
14,15,38.05812951411072,19.664722643944508,1.18207773135588
15,15,38.23994962594648,19.727220685414235,1.9226169211655435
16,15,38.43712064320853,19.80190067286807,2.1084001179628262
17,15,38.608317360083305,19.8676523639074,1.8338920563444694
18,15,38.88457965087518,19.934992323532903,2.84351056751931
19,15,39.10652958135563,19.97675789193086,2.2584537706997754
20,15,39.31549236083697,20.014059310529152,2.122659629757254
21,15,39.63544361844194,20.110227278646985,3.34091432597297
22,15,39.94833063080503,20.259209377923064,3.4654573783298654
23,15,40.19864564906787,20.39358855333242,2.8410450744686218
24,15,40.51386939453661,20.474320866830727,3.253977814155025
25,15,40.83618441289222,20.57820657317487,3.3864319133890612
26,15,41.14904440144694,20.651221053061523,3.2126700221401205
27,15,41.45837227024279,20.75064258826231,3.24912868436235
28,15,41.77832353071625,20.846810445506367,3.340914034294642
29,15,42.09357431518816,21.00351022026685,3.520481167683456
30,15,42.40173382423062,21.13705657517277,3.358525151341716
31,15,42.733503881334414,21.27181338132584,3.580932386896343
32,15,43.07706569252774,21.369191638093746,3.570955656425805
33,15,43.46195271696713,21.487680078352376,4.027127165321868
34,15,43.8031507684308,21.57734049673464,3.5278194532470537
35,15,44.16442724934947,21.694618427003658,3.7983523874591607
36,15,44.53752252742007,21.850485326653946,4.043446264329126
37,15,44.89763065646781,22.00188806871055,3.906413379412385
38,15,45.24355622926086,22.106984003246687,3.615379058525173
39,15,45.62135198065677,22.20231891627128,3.8963877555269786
40,15,45.9920564544549,22.274500418525736,3.7766648800450477
41,15,46.3651246864296,22.35439969813841,3.8152824350414347
42,15,46.740556677358754,22.4420167549414,3.8552033468527256
43,15,47.12071618848826,22.545069381553645,3.9387954726528758
44,15,47.49851193916395,22.640404191757447,3.8963874969669194
45,15,47.82672284446943,22.725600274356445,3.3908814613852196
46,15,48.19269979471012,22.782346076628382,3.7035012377878926
47,15,48.59407903008882,22.802923801744537,4.01906373878475
48,15,48.96122432884971,22.82554472898818,3.6784151037041
49,15,49.380318232464205,22.866022132254344,4.210440834663368
50,15,49.78878874332844,22.909753185972875,4.108047751731
51,15,50.219701446208816,22.98881950830696,4.3810642637504165
52,15,50.58331462889477,23.03784741508263,3.669036416633279
53,15,51.00240852767057,23.078324741701884,4.21044071281548
54,15,51.42267077335288,23.08467721688232,4.203102533686939
55,15,51.83467338602341,23.10200113813979,4.123666706889406
56,15,52.24903975746902,23.127042832837155,4.151223629947162
57,15,52.69410795201185,23.17644831852082,4.478019649457231
58,15,53.113201841429074,23.2169255522174,4.210440530331546
59,15,53.503957667433966,23.240756748542964,3.9148185331516023
60,15,53.91123275038299,23.242645011214137,4.07279460232225
61,15,54.36100139388216,23.231518566512367,4.4990624628558376
62,15,54.74230217070635,23.224478574210885,3.813657613084005
63,15,55.14248596554367,23.20321343870981,4.007483944300659
64,15,55.53087802013727,23.219326778783326,3.8872616042628834
65,15,55.93698474810599,23.25533978326285,4.077003936631675
66,15,56.292311216866224,23.23937151993311,3.556850922310131
67,15,56.70901426350862,23.19616342055551,4.189371897228506
68,15,57.10210676831838,23.1517448753374,3.955941411306578
69,15,57.47158872897504,23.106115888370027,3.72288763867997
70,15,57.862317471756654,23.05397954562388,3.9419176636586744
71,15,58.255409971811375,23.009560977298044,3.955941390002983
72,15,58.65206164345662,23.014702761931723,3.9668499665122963
73,15,58.993205538928805,22.95242774989681,3.4678139301566673
74,15,59.37684299254522,22.87713803500099,3.90955543491049
75,15,59.74866164585325,22.763259415201603,3.8886688081553955
76,15,60.128766988569325,22.71437670599405,3.8323568573500233
77,15,60.47933886041224,22.6070054331678,3.6664591577675476
78,15,60.85588503247574,22.508562365757456,3.892018206751242
79,15,61.25134128302892,22.47186152232348,3.971556344940175
80,15,61.6137319524706,22.40307913182895,3.688604269104117
81,15,61.92181026247103,22.30872255204889,3.2220398700281265
82,15,62.26765461412538,22.18591571695402,3.6700113667022363
83,15,62.6123306134957,22.09723366514972,3.55901743258097
84,15,62.91214929448,22.01384853540415,3.111982026456001
85,15,63.25682529279089,21.925166480972297,3.5590174288680174
86,15,63.59207330806706,21.881580650769283,3.3806945490696627
87,15,63.929685080853886,21.845712590485835,3.3951174776841313
88,15,64.23423127799929,21.77776300205626,3.120345057256852
