,frame_id,player,x,y
61530,4102,1,67.06115503877257,14.048823073757454
61531,4102,8,77.28953390530535,8.74662072775628
61532,4102,11,43.51404529562113,1.929075940770712
61533,4102,4,77.31917486039661,9.108977749871862
61534,4102,2,76.94569218425924,11.190284359115504
61535,4102,13,66.13212018433451,40.57027806740388
61536,4102,12,68.27890746709751,32.441824806069775
61537,4102,9,72.94806958181044,3.2975993437729194
61538,4102,6,66.22822689413009,18.80336804749741
61539,4102,15,37.81618222399278,19.823242207164984
61540,4102,14,41.900033301877386,50.83690566319875
61541,4102,7,66.8213354558226,23.509476226285315
61542,4102,3,78.10581562569227,3.634192003774857
61543,4102,5,76.58209051395649,7.840544205398682
61544,4102,10,67.14402675983446,27.9776219091178
61545,4103,3,78.084568831947,3.640699312820448
61546,4103,8,77.29431519556827,8.91399055212191
61547,4103,5,76.59040394689231,7.981507101716552
61548,4103,7,66.83195884458674,23.50622254692302
61549,4103,6,66.24947367568821,18.796860704253938
61550,4103,1,67.06115503877257,14.048823073757454
61551,4103,12,68.27890746709751,32.441824806069775
61552,4103,4,77.26018888754355,9.219902396764583
61553,4103,2,76.96932964711709,11.267461951511397
61554,4103,10,67.14402675983446,27.9776219091178
61555,4103,9,72.91983892562288,3.58482207610102
61556,4103,13,66.13212018433451,40.57027806740388
61557,4103,11,43.55183824605304,1.976593265021405
61558,4103,15,37.81618222399278,19.823242207164984
61559,4103,14,41.71234447333801,50.86906531163861
61560,4104,5,76.62466476701813,8.055431036505656
61561,4104,7,66.83195884458674,23.50622254692302
61562,4104,4,77.21891754425901,9.35072665999401
61563,4104,3,78.05269864163633,3.650460277159848
61564,4104,8,77.34159006776001,9.068345727708111
61565,4104,14,41.58013633512866,50.892674214841286
61566,4104,13,66.12502883868201,40.54712475006458
61567,4104,9,72.95298492745846,3.844805136021421
61568,4104,11,43.58137152876377,2.0350820250644635
61569,4104,15,37.81618222399278,19.823242207164984
61570,4104,2,76.94457763839713,11.376343389757904
61571,4104,10,67.15465014659232,27.97436822267474
61572,4104,12,68.27890746709751,32.441824806069775
61573,4104,6,66.24947367568821,18.796860704253938
61574,4104,1,67.03518075373677,14.039894860905632
61575,4105,3,78.03381558613236,3.6646853427495536
61576,4105,4,77.1103467665149,9.451512684622248
61577,4105,8,77.34990352972609,9.209308614030874
61578,4105,9,72.98729938817137,4.070663485076096
61579,4105,5,76.67191272496764,8.133819070900618
61580,4105,10,67.15228638006325,27.966650451742687
61581,4105,7,66.85556938286481,23.50743295970048
61582,4105,11,43.65222995911127,2.114681073358364
61583,4105,13,66.10731411429347,40.52722513832809
61584,4105,2,76.94343616356987,11.486435257268695
61585,4105,14,41.43494102328749,50.91181902476683
61586,4105,15,37.837429013507375,19.81673488624281
61587,4105,1,67.05642753967562,14.033387531124037
61588,4105,12,68.28363501124815,32.45726034479021
61589,4105,6,66.2577333123448,18.78588925989282
61590,4106,2,76.96946431195262,11.647297773512832
61591,4106,6,66.2577333123448,18.78588925989282
61592,4106,8,77.31099593049802,9.34785063386116
61593,4106,13,66.09785898820662,40.49635404894686
61594,4106,9,72.95200440008388,4.410700118033009
61595,4106,14,41.292109505566,50.93868163652413
61596,4106,10,67.19477992778081,27.95363570652768
61597,4106,4,77.0159315477114,9.52263810916644
61598,4106,12,68.29545387072781,32.49584919296192
61599,4106,5,76.68375833199205,8.248375025970685
61600,4106,7,66.87681616043113,23.500925601577165
61601,4106,1,67.05642753967562,14.033387531124037
61602,4106,15,37.8350652563915,19.809017080435915
61603,4106,3,78.00667286898266,3.6898818230364014
61604,4106,11,43.71010125362847,2.1898159570626827
61605,4107,1,67.07177843344931,14.045569407637869
61606,4107,15,37.85631204616245,19.802509759259625
61607,4107,9,72.88720297826552,4.768215484155004
61608,4107,3,77.96890675682526,3.718331957922512
61609,4107,6,66.27425258325454,18.76394637203569
61610,4107,14,41.18587571422884,50.97121872450497
61611,4107,7,66.8874395501628,23.49767192160418
61612,4107,11,43.73373860847839,2.2669939491821296
61613,4107,13,66.09076764308227,40.47320073282754
61614,4107,12,68.31789611489044,32.53118434722597
61615,4107,5,76.64365539123496,8.345074587636471
61616,4107,10,67.25852024735286,27.93411358929638
61617,4107,8,77.25907428587979,9.405961404516368
61618,4107,4,76.90380170058937,9.573863920094464
61619,4107,2,77.02855798506734,11.840241752573874
61620,4108,11,43.77625903240461,2.329946868826058
61621,4108,9,72.82476531468402,5.133448625327745
61622,4108,5,76.61653958975249,8.446238248796394
61623,4108,7,66.93466062668396,23.500092747877343
61624,4108,12,68.35805305805049,32.586419117644475
61625,4108,15,37.83033774309098,19.793581467858544
61626,4108,4,76.83541458315464,9.805851859999088
61627,4108,3,77.9512189906896,3.77439946889276
61628,4108,1,67.10484396810253,14.077650933327654
61629,4108,2,77.08292416905344,12.017750212275658
61630,4108,14,41.05366757502516,50.99482762598528
61631,4108,10,67.33288395484952,27.91133778547892
61632,4108,6,66.31085026633554,18.76962090141783
61633,4108,13,66.0789487359144,40.434611870886094
61634,4108,8,77.32281465079144,9.386439427787842
61635,4109,7,66.99250509338961,23.499259892592868
61636,4109,6,66.33446080570232,18.77083132839323
61637,4109,1,67.14853289509055,14.106478793610837
61638,4109,12,68.40293754848861,32.65708942505557
61639,4109,5,76.57526822896511,8.577062511947897
61640,4109,11,43.77864958426413,2.4136321344837395
61641,4109,8,77.36299830192387,9.517641326089889
61642,4109,4,76.8248450172989,9.961039845390165
61643,4109,9,72.78123758818188,5.560423890728316
61644,4109,15,37.82561022959614,19.77814585550992
61645,4109,3,77.93116748775746,3.8227492233154514
61646,4109,2,77.08180964618705,12.203809245739947
61647,4109,14,40.9238232309565,51.02615432905315
61648,4109,13,66.08484455330203,40.41592262222445
61649,4109,10,67.44620912086,27.90195423557289
61650,4110,11,43.79755947075131,2.475374526988549
61651,4110,8,77.35946613887296,9.544048265962632
61652,4110,15,37.82324647308231,19.770428049083968
61653,4110,10,67.61737875325247,27.89173779450964
61654,4110,13,66.12733807791798,40.40290780388742
61655,4110,9,72.77311225379029,5.951231253455198
61656,4110,2,77.05705765193895,12.312690690404333
61657,4110,4,76.77531403924898,10.102835545578838
61658,4110,6,66.36752636402241,18.802912845319355
61659,4110,5,76.51508692666101,8.646144698593488
61660,4110,1,67.2075727178445,14.147488528553088
61661,4110,14,40.80577046690139,51.02010240449909
61662,4110,3,77.90522006332857,3.8897881488423742
61663,4110,12,68.45608165115914,32.71678826751331
61664,4110,7,67.07749220389083,23.473230458532747
61665,4111,15,37.78545338857808,19.722910724148683
61666,4111,11,43.87431383659113,2.536284334990296
61667,4111,10,67.81688645722164,27.898167290096687
61668,4111,8,77.35715621770844,9.688264817129202
61669,4111,4,76.69980878554917,10.235703056541784
61670,4111,13,66.16866334751585,40.42401777759218
61671,4111,2,77.05830688672408,12.50646748576306
61672,4111,3,77.85802584623059,3.963334384505476
61673,4111,5,76.46196995338978,8.66241300564042
61674,4111,9,72.78859747645849,6.343249076262172
61675,4111,12,68.513953297988,32.79192264943302
61676,4111,7,67.21559625843159,23.43093262624697
61677,4111,6,66.47848778609226,18.78581166904668
61678,4111,14,40.70423687549021,50.99210745272236
61679,4111,1,67.3976523631221,14.199014568830693
61680,4112,5,76.41830795325879,8.709552352344474
61681,4112,1,67.6125109379695,14.217626294698269
61682,4112,8,77.31822171417396,9.750839687428387
61683,4112,4,76.62903102460577,10.384006090120812
61684,4112,6,66.74880007452572,18.71990541233219
61685,4112,12,68.57772078516967,32.84836779720772
61686,4112,2,77.00407541583482,12.708794861997884
61687,4112,14,40.56493735317092,50.99256294140077
61688,4112,3,77.77423396396462,4.031206070086579
61689,4112,15,37.77836211896316,19.69975730505603
61690,4112,9,72.73920079375432,6.864880747684104
61691,4112,11,43.95579567441382,2.612629738748252
61692,4112,13,66.13679320372965,40.43377889285875
61693,4112,10,68.063615239639,27.90701757454584
61694,4112,7,67.4422466005903,23.412165663504275
61695,4113,6,66.96132192688913,18.806766543720222
61696,4113,10,68.28909724938663,27.922375226852523
61697,4113,3,77.69633800508544,4.080388584025769
61698,4113,7,67.66886987142132,23.317431404001
61699,4113,1,67.81204558232626,14.30002340530443
61700,4113,2,77.10332589200685,12.95697357666628
61701,4113,9,72.63076437510267,7.345502718897528
61702,4113,5,76.40534771591525,8.78105541581338
61703,4113,12,68.64974788548182,32.89384147958404
61704,4113,4,76.53934330620842,10.470567047045368
61705,4113,15,37.79488139498192,19.67781437255551
61706,4113,11,44.09275825763807,2.680424753482731
61707,4113,8,77.30523457581117,9.746375591835836
61708,4113,13,66.06242953736607,40.45655482425797
61709,4113,14,40.456312377034834,50.94141457871873
61710,4114,11,44.27104598855087,2.7693300472692126
61711,4114,12,68.7217749863551,32.93931516077745
61712,4114,1,68.06591951669496,14.483961955704403
61713,4114,6,67.33558542048529,18.92850763161712
61714,4114,14,40.37485733940561,50.94103712852313
61715,4114,5,76.37347753311714,8.790816399841503
61716,4114,4,76.49573516425393,10.669640740158028
61717,4114,9,72.65453622470388,7.802516340270088
61718,4114,7,67.90970277813904,23.344971057080244
61719,4114,3,77.68101397869384,4.14417385853994
61720,4114,15,37.84799836632109,19.661546073031
61721,4114,8,77.28040180306061,9.627355546482246
61722,4114,13,66.00458506900726,40.45738780279718
61723,4114,10,68.54998150436623,27.90156481910656
61724,4114,2,77.1565776165552,13.320541074729729
61725,4115,10,68.7742680671833,27.87507992946737
61726,4115,9,72.68895839507562,8.332243506365153
61727,4115,14,40.3217404440958,50.95730566996189
61728,4115,15,37.94007678985798,19.658670212517187
61729,4115,13,65.90068776972622,40.42167525885081
61730,4115,2,77.21333454785434,13.58173445823662
61731,4115,12,68.82803601107386,32.982745526755224
61732,4115,1,68.2607536302227,14.626890768680632
61733,4115,6,67.56699030159248,19.00114362364653
61734,4115,5,76.26254300188741,8.883884658801964
61735,4115,7,68.26625168562543,23.446812272120173
61736,4115,3,77.65270281952866,4.203495028663575
61737,4115,8,77.33821935019773,9.550555592862764
61738,4115,4,76.4497902085498,10.936963844637678
61739,4115,11,44.563854222750535,2.890694982666762
61740,4116,12,68.93666080968026,33.03389365827333
61741,4116,15,38.05812951411072,19.664722643944508
61742,4116,1,68.50280882050662,14.77224044236883
61743,4116,6,67.99081160579556,19.057056015348472
61744,4116,13,65.80977763177258,40.39042678084995
61745,4116,9,72.76111980309683,8.757553311563875
61746,4116,14,40.30638947514498,50.94512377260469
61747,4116,7,68.60978637240206,23.46822209554043
61748,4116,2,77.21819684763823,13.977005821020832
61749,4116,4,76.36371543617624,11.2250193758938
61750,4116,5,76.15630905760071,8.916421274042769
61751,4116,10,69.03634776641002,27.896112045055546
61752,4116,8,77.32879128479662,9.595651712386406
61753,4116,3,77.65392496077718,4.321304612106502
61754,4116,11,44.779908089936114,2.951150112142935
61755,4117,2,77.28557719884934,14.234945532554384
61756,4117,9,72.80852919175966,9.29174458812214
61757,4117,11,45.05263797912592,3.044897468650424
61758,4117,8,77.33123576615422,9.831270938312407
61759,4117,13,65.7235950577297,40.37461384900657
61760,4117,5,76.04184236470276,9.035896478920048
61761,4117,4,76.27527693059817,11.505357156154538
61762,4117,15,38.23994962594648,19.727220685414235
61763,4117,10,69.33975269125847,27.938254164733344
61764,4117,14,40.30638947514498,50.94512377260469
61765,4117,12,69.07832405367228,33.041155934632584
61766,4117,6,68.41460588827061,19.037001113987444
61767,4117,1,68.83930615799758,14.922431841353031
61768,4117,3,77.69174476978193,4.444788745686527
61769,4117,7,68.98994581914805,23.57127368248856
61770,4118,8,77.31596562793919,10.046990553388152
61771,4118,11,45.38913510293549,3.195090433991611
61772,4118,12,69.17396169624875,33.08783998814094
61773,4118,15,38.43712064320853,19.80190067286807
61774,4118,10,69.59593653644978,27.977975487124617
61775,4118,4,76.24234608547094,11.85311154849714
61776,4118,3,77.72483710433322,4.552837362365644
61777,4118,5,75.9167253746707,9.08265817982558
61778,4118,7,69.39252038555142,23.63369313328893
61779,4118,1,69.10377652637054,15.027149408233054
61780,4118,13,65.63151666657257,40.37749016350529
61781,4118,6,68.78531023515197,19.109181836077987
61782,4118,9,72.86302985757916,9.849089163451572
61783,4118,2,77.34355649717358,14.613948548156298
61784,4118,14,40.32410423788201,50.965023473750726
61785,4119,8,77.32308377825296,10.146110986604173
61786,4119,2,77.33426332893724,15.038880539477258
61787,4119,7,69.77501651676491,23.66849517450925
61788,4119,15,38.608317360083305,19.8676523639074
61789,4119,5,75.80106336055822,9.160290922990246
61790,4119,3,77.77208501887141,4.631225390766076
61791,4119,14,40.40792306898642,50.97311872755214
61792,4119,11,45.681943342956345,3.3164553098415617
61793,4119,1,69.39424815862337,15.2167624139445
61794,4119,13,65.53710176199804,40.44861607181512
61795,4119,9,72.89625686517594,10.336973865706948
61796,4119,6,69.23043235954299,19.310521352126983
61797,4119,10,69.843860761279,28.02866825633179
61798,4119,12,69.26370349952403,33.15321327181204
61799,4119,4,76.24009009380055,12.149262481826746
61800,4120,10,70.12955099846224,28.05091073192203
61801,4120,7,70.22486631096082,23.88526993287397
61802,4120,3,77.80754109490239,4.74699176446973
61803,4120,6,69.66843619731077,19.41274026349977
61804,4120,14,40.525975831454346,50.97917065906662
61805,4120,12,69.39477054627072,33.23969654203266
61806,4120,1,69.7059935570808,15.47583531176699
61807,4120,4,76.24136626677374,12.419006471491295
61808,4120,15,38.88457965087518,19.934992323532903
61809,4120,8,77.29952708247637,10.296834871306611
61810,4120,11,45.99010246062973,3.4500021232357003
61811,4120,2,77.3438262417796,15.37362026281892
61812,4120,13,65.41671253406662,40.51081384352177
61813,4120,5,75.67950544036717,9.256612851572132
61814,4120,9,72.90826404711098,10.907333100219455
61815,4121,13,65.33411654003386,40.62052862019512
61816,4121,4,76.15651385599789,12.824871686947652
61817,4121,12,69.52703307487552,33.36802234490328
61818,4121,7,70.63339089800567,24.08093463118401
61819,4121,11,46.40805460739928,3.60057293949186
61820,4121,15,39.10652958135563,19.97675789193086
61821,4121,2,77.32983260530942,15.859083924279616
61822,4121,6,70.03327169075193,19.57957738596349
61823,4121,9,72.9840116404318,11.458170364401555
61824,4121,5,75.56033817350495,9.436619715734423
61825,4121,14,40.68771770468358,51.01405047565088
61826,4121,10,70.42350085340267,28.06218174391973
61827,4121,8,77.32552827998964,10.381730218018266
61828,4121,1,70.01654360017304,15.69306567474312
61829,4121,3,77.84772465138438,4.8781936524269724
61830,4122,11,46.76460325580136,3.7024159220803856
61831,4122,9,73.1553428854528,11.903757440850288
61832,4122,6,70.51145939086821,19.812998281920184
61833,4122,10,70.61947646600812,28.095018172820915
61834,4122,5,75.41166447310373,9.634105333267293
61835,4122,8,77.30786749274615,10.513764921876104
61836,4122,1,70.28696383371161,15.931028459908408
61837,4122,4,76.09644040225353,13.197822632297896
61838,4122,2,77.38544824768383,16.230369190169128
61839,4122,3,77.87848011069407,5.054491644315021
61840,4122,12,69.6486722231133,33.49960183605447
61841,4122,15,39.31549236083697,20.014059310529152
61842,4122,14,40.88488909913086,51.08872968952129
61843,4122,13,65.2727673101738,40.72373598824563
61844,4122,7,71.01121366642167,24.25223559502317
61845,4123,8,77.32919504936672,10.735159067292372
61846,4123,13,65.1877802624713,40.74976562569719
61847,4123,12,69.75259666920702,33.61128171673201
61848,4123,4,76.06348269038202,13.469609884137828
61849,4123,3,77.87263791030931,5.225115090119889
61850,4123,6,70.96364577114073,19.96152370200664
61851,4123,14,41.089151879561925,51.18656230248878
61852,4123,5,75.30667968289914,9.860418777415015
61853,4123,11,47.13650278077512,3.816440833669345
61854,4123,9,73.24760985460176,12.432651839631056
61855,4123,2,77.36553179582307,16.658554882199024
61856,4123,15,39.63544361844194,20.110227278646985
61857,4123,10,70.88864746071881,28.1392035352439
61858,4123,7,71.39729606468613,24.41256508180717
61859,4123,1,70.60107301277107,16.197819049189473
61860,4124,13,65.12996306868872,40.826565972512775
61861,4124,3,77.86445883632337,5.463987916744546
61862,4124,9,73.34104526925871,12.927421513739809
61863,4124,6,71.37806610760656,20.13849932519437
61864,4124,2,77.34325161899528,17.07902282489708
61865,4124,12,69.8695082745821,33.72742566525033
61866,4124,7,71.76566379005793,24.55299492840882
61867,4124,11,47.5532864833081,4.001136388376096
61868,4124,8,77.26434012909435,10.940740076444722
61869,4124,5,75.20405864714247,10.094449988106952
61870,4124,10,71.16254598947121,28.19882442024825
61871,4124,14,41.328816793397706,51.248226662893984
61872,4124,1,70.92933772807358,16.434948969149726
61873,4124,15,39.94833063080503,20.259209377923064
61874,4124,4,75.99870873624403,13.903092508829442
61875,4125,9,73.39198714969673,13.435205853578587
61876,4125,13,65.01666518966933,40.91191707065178
61877,4125,14,41.68297508116832,51.26638240861884
61878,4125,15,40.19864564906787,20.39358855333242
61879,4125,10,71.42582113184633,28.261698983511373
61880,4125,7,72.1505778557254,24.747449105872874
61881,4125,3,77.81378618916334,5.715875375344471
61882,4125,12,69.99940704007636,33.84803368002823
61883,4125,2,77.30089306403545,17.471873417361877
61884,4125,8,77.21127701800587,11.108942723854156
61885,4125,5,75.08725514667756,10.282174639542404
61886,4125,6,71.76776162449488,20.50032372924293
61887,4125,4,76.00593480493944,14.306081699067695
61888,4125,11,47.966511163231175,4.136271503307386
61889,4125,1,71.25640707747937,16.630236362375495
61890,4126,12,70.17652688758938,33.97106243901276
61891,4126,10,71.66901782036656,28.296956163316658
61892,4126,1,71.55399700664684,16.91896974587392
61893,4126,15,40.51386939453661,20.474320866830727
61894,4126,7,72.49063461330653,24.94720022455028
61895,4126,3,77.82449018432051,5.940523135198706
61896,4126,2,77.28094968583832,17.82409195802294
61897,4126,8,77.19008409016477,11.267384377795214
61898,4126,5,75.0389195072544,10.465812838608043
61899,4126,13,64.96713487445595,41.05371331392449
61900,4126,4,76.04027660201822,14.607907181383736
61901,4126,11,48.28648897980473,4.308407159231416
61902,4126,14,41.98754846922219,51.27439957667195
61903,4126,6,72.13028746638562,20.811377411940214
61904,4126,9,73.44648817532911,13.992550446026708
61905,4127,12,70.36663389565783,34.09855525908031
61906,4127,10,71.89216318527046,28.380563229497
61907,4127,15,40.83618441289222,20.57820657317487
61908,4127,7,72.80947169436917,25.22942593532776
61909,4127,4,76.00381378353597,14.982068592451965
61910,4127,2,77.2551374594678,18.270966880631203
61911,4127,8,77.1216970346695,11.499372341804545
61912,4127,9,73.54348281921769,14.536880366378696
61913,4127,14,42.33347456385812,51.379494438498
61914,4127,3,77.85763628540965,6.200506027776669
61915,4127,6,72.47626701461195,21.06840670636868
61916,4127,5,74.94809029777264,10.662465695741044
61917,4127,13,64.97074874667545,41.25520840746425
61918,4127,1,71.86574247095076,17.178042462149783
61919,4127,11,48.7375066303439,4.491059490333132
61920,4128,2,77.28124682680593,18.65973095802499
61921,4128,5,74.85133826503451,10.801840563265234
61922,4128,12,70.5047922766764,34.208191792667634
61923,4128,13,64.96960777636355,41.36530058150587
61924,4128,6,72.78450758158515,21.429853449533493
61925,4128,9,73.61567161024497,15.038157375684058
61926,4128,4,75.9366761788248,15.407833499120006
61927,4128,7,73.20506335838824,25.57256082697212
61928,4128,11,49.18023777693956,4.6087158002405175
61929,4128,8,77.0214398069349,11.74112131029714
61930,4128,15,41.14904440144694,20.651221053061523
61931,4128,14,42.76438768883003,51.458559599958754
61932,4128,10,72.18497185046071,28.5019261947605
61933,4128,1,72.1314622509026,17.476536810345685
61934,4128,3,77.90847013898039,6.4044213979035405
61935,4129,12,70.67957555811674,34.39947005787934
61936,4129,6,73.15412474515702,21.764060317549312
61937,4129,11,49.63122858645667,4.715400645621969
61938,4129,2,77.30971997167379,19.056212799481496
61939,4129,14,43.10322239978272,51.54050102147494
61940,4129,8,76.90936385263396,11.94428149045502
61941,4129,4,75.89312215238775,15.758841648186642
61942,4129,5,74.7817827783989,11.067953288374074
61943,4129,1,72.37946739193066,17.75513151360729
61944,4129,15,41.45837227024279,20.75064258826231
61945,4129,10,72.4954680707217,28.567221488206407
61946,4129,7,73.61127842788207,25.912441988210013
61947,4129,3,77.96047243143917,6.574212074054181
61948,4129,13,64.94722004851603,41.48190016594054
61949,4129,9,73.72801723713788,15.59466914816622
61950,4130,3,78.01722908922349,6.835405406021746
61951,4130,15,41.77832353071625,20.846810445506367
61952,4130,2,77.29099909932495,19.526241022755013
61953,4130,5,74.60841097924546,11.526254802583214
61954,4130,14,43.54475890185526,51.616312427663296
61955,4130,10,72.74339229325491,28.61791416059904
61956,4130,1,72.65817434297888,18.058089907637893
61957,4130,11,50.03263457888178,4.811946660819798
61958,4130,12,70.83074830381533,34.589537943457586
61959,4130,8,76.85513236260975,12.146608862280196
61960,4130,6,73.52727403311634,22.07186017774254
61961,4130,4,75.85782778379574,16.098878373350292
61962,4130,7,74.03754485098071,26.203973231433228
61963,4130,9,73.76127166747403,16.158521089806264
61964,4130,13,64.93309191893648,41.58752827343362
61965,4131,13,64.91543176098577,41.71956340834594
61966,4131,2,77.2663553525418,19.93899126683017
61967,4131,3,78.05390739744901,7.068981363964717
61968,4131,12,70.96420634948328,34.75970621940199
61969,4131,7,74.45082413659556,26.491040353800265
61970,4131,5,74.50701227929498,11.878095733729996
61971,4131,8,76.73835586824507,12.41030070500078
61972,4131,15,42.09357431518816,21.00351022026685
61973,4131,11,50.4753657282336,4.929602885384115
61974,4131,4,75.79069025194497,16.524643316270705
61975,4131,9,73.84408397696794,16.656544427981885
61976,4131,14,44.00634656511981,51.64377367870821
61977,4131,6,73.8461651055288,22.506020365717685
61978,4131,1,72.97464736157525,18.33259805085313
61979,4131,10,73.02204549164935,28.76893775685337
61980,4132,3,78.02448160256719,7.314361523642013
61981,4132,1,73.23091217267739,18.60022125055828
61982,4132,7,74.83935168270966,26.88698901751581
61983,4132,15,42.40173382423062,21.13705657517277
61984,4132,9,73.9398834684231,17.15903185465495
61985,4132,4,75.80734449989394,16.882536407496545
61986,4132,10,73.26293268541448,28.94841162481924
61987,4132,14,44.436036692598336,51.60502843547263
61988,4132,5,74.41387324319223,12.218965250437652
61989,4132,8,76.71716297317217,12.56874237933168
61990,4132,6,74.16508327537986,23.016147743586487
61991,4132,12,71.13426209649451,34.935548925993
61992,4132,2,77.27830931333405,20.35741600038634
61993,4132,11,50.89568163249005,5.087891175164417
61994,4132,13,64.96270742285081,41.87391888249743
61995,4133,14,44.94131346055892,51.66131750482239
61996,4133,10,73.44950750446623,29.1023114250772
61997,4133,15,42.733503881334414,21.27181338132584
61998,4133,13,65.09143810138531,42.02865172984632
61999,4133,2,77.30680960701228,20.82986505032967
62000,4133,5,74.29595529112365,12.592749063955772
62001,4133,1,73.49073613898598,18.917404684297303
62002,4133,12,71.34327932357147,35.12478382388721
62003,4133,4,75.8322584031922,17.22945806850357
62004,4133,11,51.255816179606526,5.315261685575132
62005,4133,7,75.23852975719832,27.355651175307784
62006,4133,9,74.06168429533817,17.746414668044153
62007,4133,6,74.42849371017803,23.458858507504715
62008,4133,3,78.05879618474813,7.540219726674387
62009,4133,8,76.7042297260205,12.716212628368217
62010,4134,4,75.79579573757286,17.603619540296208
62011,4134,15,43.07706569252774,21.369191638093746
62012,4134,2,77.38369936102987,21.270610184062686
62013,4134,7,75.64594036103964,27.73737460058078
62014,4134,11,51.69735203531465,5.391075226061492
62015,4134,10,73.67504378663405,29.269603431779764
62016,4134,13,65.15759674836181,42.16878201169926
62017,4134,6,74.7261381011254,23.899525953941225
62018,4134,1,73.78362567906149,19.26666955962237
62019,4134,8,76.60986843935343,12.939272447067696
62020,4134,5,74.20162094260712,12.891776127967791
62021,4134,14,45.42297967572635,51.716396171410295
62022,4134,9,74.17283477426474,18.26108393654675
62023,4134,3,78.06126748291665,7.851806053183218
62024,4134,12,71.52512674580669,35.2632480482346
62025,4135,1,73.99622860504577,19.58143212614747
62026,4135,14,45.856256587305865,51.803178967588345
62027,4135,9,74.3158554631467,18.765992172877493
62028,4135,13,65.236742560955,42.31337636014698
62029,4135,4,75.72276242350931,18.04807372114732
62030,4135,6,75.09934165522776,24.35926006823117
62031,4135,11,52.13182352592902,5.519702768200904
62032,4135,2,77.47474464373846,21.681694678169105
62033,4135,7,76.31184432355353,28.01460243395521
62034,4135,15,43.46195271696713,21.487680078352376
62035,4135,3,78.12275167749863,8.12843489990017
62036,4135,12,71.68925946126816,35.381812668488045
62037,4135,5,74.12377894580256,13.092893143739744
62038,4135,8,76.51080661517253,13.222863926702622
62039,4135,10,73.90533475250923,29.52829820047736
62040,4136,1,74.23716959555384,19.912840608085737
62041,4136,9,74.4234739023385,19.307068391358868
62042,4136,4,75.65326126430553,18.466120959664018
62043,4136,10,74.12614350659497,29.680154654307977
62044,4136,2,77.56934912332204,22.14233940038206
62045,4136,7,76.80655155119271,28.226079538412243
62046,4136,3,78.21018326169511,8.338024795081367
62047,4136,5,74.04479551171762,13.40410208300534
62048,4136,8,76.40345820304368,13.441459669333788
62049,4136,15,43.8031507684308,21.57734049673464
62050,4136,12,71.85458767465647,35.54221980814233
62051,4136,14,46.38397570362568,51.89480322105212
62052,4136,11,52.56037224179414,5.591052113357208
62053,4136,13,65.35838189871706,42.444955874882126
62054,4136,6,75.44893470567706,24.81778374379844
62055,4137,13,65.4646702910769,42.56435354629988
62056,4137,3,78.2397972946389,8.624414622818705
62057,4137,1,74.52179955882055,20.27307684489145
62058,4137,9,74.5346245056292,19.821737642541795
62059,4137,6,75.77844934929593,25.248690018164687
62060,4137,14,46.90693982729927,51.89502426294013
62061,4137,12,72.07422829979532,35.72820096445675
62062,4137,8,76.24065604719793,13.744573181070791
62063,4137,10,74.32217341702668,29.86492546045141
62064,4137,5,73.95402030499883,13.752689417363095
62065,4137,4,75.62152617966296,18.85571798580669
62066,4137,7,77.34146995758118,28.644725710815244
62067,4137,11,52.98182973645821,5.639248072359361
62068,4137,2,77.62146008249192,22.615998852718945
62069,4137,15,44.16442724934947,21.694618427003658
62070,4138,4,75.5638438529529,19.3123540537976
62071,4138,1,74.81349377356625,20.580499126714017
62072,4138,9,74.6894641038017,20.365234662870403
62073,4138,13,65.57921828018453,42.67277973389172
62074,4138,14,47.39920201120478,51.87088152885188
62075,4138,2,77.76089487047392,22.99537940199776
62076,4138,7,77.9554253430351,28.9040970572002
62077,4138,8,76.16169961221692,14.131749243016422
62078,4138,5,73.93994565001009,14.010251647529778
62079,4138,3,78.27886631343587,8.941675484103467
62080,4138,15,44.53752252742007,21.850485326653946
62081,4138,11,53.37024859464901,5.731329744372475
62082,4138,12,72.24664784844175,35.91176137943521
62083,4138,10,74.5088025601204,30.170759695608822
62084,4138,6,76.0938356399468,25.785224125776413
62085,4139,7,78.5292781052233,29.260168065826868
62086,4139,15,44.89763065646781,22.00188806871055
62087,4139,5,73.91877975541854,14.244660592340333
62088,4139,3,78.2777786098131,9.20370160931594
62089,4139,14,47.9363488973903,51.9174092952084
62090,4139,10,74.69423625280001,30.434751415680267
62091,4139,11,53.8519143006982,5.786410790650324
62092,4139,12,72.39072931120234,36.07867589304855
62093,4139,4,75.55455099234945,19.73728622752484
62094,4139,2,77.91334390364052,23.45519120709226
62095,4139,8,76.15944372498635,14.427900207762908
62096,4139,6,76.36316922984132,26.28521269676215
62097,4139,1,75.02139629096573,20.955793302304283
62098,4139,13,65.69140248791872,42.7734881450884
62099,4139,9,74.8702780430546,20.91765983724267
62100,4140,1,75.27415614351638,21.325790501864788
62101,4140,3,78.2932102156216,9.443784896776211
62102,4140,5,73.8693028023027,14.538390793869873
62103,4140,6,76.72928165747095,26.72179331133128
62104,4140,15,45.24355622926086,22.106984003246687
62105,4140,7,79.22938889422565,29.459384995761845
62106,4140,2,78.08348056170323,23.85893539759002
62107,4140,11,54.22617757801328,5.908153071204604
62108,4140,10,74.81826626276525,30.65001580283886
62109,4140,14,48.45814481545945,51.951755155216496
62110,4140,12,72.59974656835543,36.26791071650541
62111,4140,13,65.82366521546997,42.90181393392991
62112,4140,8,76.12061714668233,14.794343848675656
62113,4140,9,75.03571407282587,21.381935937925263
62114,4140,4,75.56647790257539,20.07974384866377
62115,4141,12,72.79104912098212,36.43724593542144
62116,4141,6,77.12253674402805,27.13317729118551
62117,4141,14,48.94690240172585,52.02998701578249
62118,4141,11,54.65709002852133,5.987220088286767
62119,4141,2,78.25244890499903,24.29680429234161
62120,4141,7,79.83272091733987,29.72200981907228
62121,4141,15,45.62135198065677,22.20231891627128
62122,4141,13,65.94530456342055,43.03339342775708
62123,4141,1,75.46317568677301,21.715309759288186
62124,4141,9,75.26372211614263,21.86081466576013
62125,4141,5,73.82925389422348,14.787024848781446
62126,4141,8,75.99563506998079,15.22094157855778
62127,4141,4,75.58315938691776,20.513604199110727
62128,4141,3,78.33934359598688,9.708231887551175
62129,4141,10,74.97655736441048,30.93920410564672
62130,4142,8,75.88010802681853,15.678410371216463
62131,4142,15,45.9920564544549,22.274500418525736
62132,4142,11,55.093898396263,6.047597862229452
62133,4142,13,66.05515229490517,43.20235142253784
62134,4142,14,49.4557385470532,52.13583630186825
62135,4142,10,75.11713378289038,31.20849280871851
62136,4142,6,77.54646656653296,27.492957670432283
62137,4142,2,78.42614480445971,24.750108686372773
62138,4142,12,72.97642862035678,36.5493030953478
62139,4142,1,75.67461038002862,22.06419691493908
62140,4142,9,75.43391279528893,22.41649346933184
62141,4142,5,73.81632069571053,14.934495167294164
62142,4142,3,78.3866723182754,10.014521329959743
62143,4142,7,80.09732727251384,30.20656249115069
62144,4142,4,75.57386660485278,20.93853639364363
62145,4143,11,55.541303298172096,6.02875460459286
62146,4143,8,75.80941134446462,16.05461506671952
62147,4143,15,46.3651246864296,22.35439969813841
62148,4143,10,75.26007398289934,31.48549926504554
62149,4143,12,73.15591229472865,36.68004947602403
62150,4143,13,66.1779871964782,43.37577347489771
62151,4143,5,73.79751858515067,15.176621889530985
62152,4143,1,75.91201938926106,22.42201220891023
62153,4143,4,75.56810596531,21.337061632950224
62154,4143,7,80.46102187624572,30.48349052726266
62155,4143,3,78.49065017948553,10.278135511418682
62156,4143,14,50.014132181363465,52.175856512700655
62157,4143,2,78.54080084724265,25.16240351438616
62158,4143,6,77.92081156896394,27.84259948903433
62159,4143,9,75.6194273656718,22.90838688300134
62160,4144,10,75.36878027247944,31.76454903864792
62161,4144,14,50.52764110056015,52.14520621327826
62162,4144,13,66.3208733137885,43.500845534056
62163,4144,15,46.740556677358754,22.4420167549414
62164,4144,7,80.82938970895934,30.623919670665305
62165,4144,9,75.85333138802572,23.3685763434214
62166,4144,1,76.19428573158707,22.77453051057335
62167,4144,2,78.76995040362327,25.531190010690946
62168,4144,6,78.34588261905452,28.09228784939789
62169,4144,12,73.32360431590074,36.848174307552654
62170,4144,8,75.79778151022938,16.5477965978536
62171,4144,4,75.57886460813816,21.713643996814707
62172,4144,5,73.74097739886857,15.523166032353664
62173,4144,11,55.92733154704917,6.037151003826748
62174,4144,3,78.57571808919255,10.4800076290312
62175,4145,2,78.98967202873581,25.945072648080483
62176,4145,3,78.5888129227763,10.788340304663752
62177,4145,12,73.46532202379544,37.00737101084053
62178,4145,1,76.43286312497352,23.09822103546101
62179,4145,4,75.6120654591128,22.125561487975748
62180,4145,14,51.03764543432949,52.21693052495383
62181,4145,9,76.12266478902424,23.868564972455555
62182,4145,7,81.13874478202617,30.799306479796776
62183,4145,5,73.74342209436126,15.758785422531451
62184,4145,15,47.12071618848826,22.545069381553645
62185,4145,13,66.43425308030982,43.64339648856451
62186,4145,11,56.325151631007486,6.0081689578106
62187,4145,10,75.51172049695073,32.041555477205414
62188,4145,8,75.83570953800131,16.97514953434013
62189,4145,6,78.74381105590562,28.36717276100299
62190,4146,5,73.73524340687553,15.997658485539027
62191,4146,7,81.46108701307872,30.979157323773045
62192,4146,8,75.815793132133,17.40333532538613
62193,4146,6,79.13228443461533,28.61118660679073
62194,4146,15,47.49851193916395,22.640404191757447
62195,4146,3,78.64203759761229,11.075940561495852
62196,4146,14,51.53702638806517,52.29190852142749
62197,4146,12,73.60587146347814,37.20069246300373
62198,4146,1,76.6325061620664,23.484486516434973
62199,4146,4,75.69365575694621,22.50577505085396
62200,4146,2,79.18931523778082,26.33133792639482
62201,4146,11,56.7324266736757,6.010058034943068
62202,4146,13,66.61373691260874,43.77414295129477
62203,4146,10,75.62751812483074,32.343758520795824
62204,4146,9,76.35067301864919,24.34744358484405
62205,4147,3,78.6799113975736,11.351358970635854
62206,4147,10,75.73269238541484,32.64921525382868
62207,4147,7,81.89797702713818,31.26743406775079
62208,4147,2,79.28392005011779,26.791982561367263
62209,4147,8,75.72863129513203,17.9534173282463
62210,4147,15,47.82672284446943,22.725600274356445
62211,4147,1,76.85222765612464,23.898369332930592
62212,4147,11,57.1350010977269,6.072478877327484
62213,4147,12,73.7263151801157,37.2904292849716
62214,4147,5,73.72119583093317,16.33118796096393
62215,4147,13,66.77197398820739,43.9113968253735
62216,4147,6,79.53610874127251,28.86738223688661
62217,4147,4,75.76225892857526,22.881524533207298
62218,4147,14,52.05648590042696,52.394503928897024
62219,4147,9,76.61764273196128,24.83971439653802
62220,4148,6,79.95881605851005,29.109352684377576
62221,4148,4,75.82969377897967,23.291398738291075
62222,4148,7,82.26993128340874,31.53339049476471
62223,4148,13,66.90423673631454,44.03972257201131
62224,4148,2,79.40330375591884,27.21971285065832
62225,4148,11,57.54700361534034,6.089803489556617
62226,4148,8,75.68985894382539,18.47179545430007
62227,4148,1,77.07901337963014,24.259438203571463
62228,4148,5,73.67644647837464,16.640353733276747
62229,4148,3,78.72604485722981,11.61580595608192
62230,4148,12,73.82670764165965,37.42851602915361
62231,4148,10,75.84612627193084,32.9437005214349
62232,4148,15,48.19269979471012,22.782346076628382
62233,4148,9,76.81024877625894,25.35476098405352
62234,4148,14,52.525192324799264,52.521085669502085
62235,4149,9,77.02643829633561,25.79505073050809
62236,4149,13,67.07899300360208,44.155033470398486
62237,4149,8,75.6239169548324,18.93940294601597
62238,4149,15,48.59407903008882,22.802923801744534
62239,4149,11,57.95427865330373,6.091692520950989
62240,4149,6,80.28947214904431,29.4301665696944
62241,4149,12,73.94125553718389,37.53694207101447
62242,4149,2,79.52029660079927,27.56375818848777
62243,4149,14,53.01634110519886,52.68300260256031
62244,4149,1,77.34122847179258,24.660306233833616
62245,4149,5,73.66707244913124,16.837384319853605
62246,4149,3,78.76275027611834,11.925349059907038
62247,4149,7,82.61354747179502,31.7827010283226
62248,4149,4,75.89596031277637,23.73539766938765
62249,4149,10,75.96428771595114,33.25362130556342
62250,4150,3,78.85493642129342,12.226341582915246
62251,4150,15,48.96122432884971,22.82554472898818
62252,4150,5,73.6754400734367,17.130281740104444
62253,4150,12,74.05343965492267,37.63765034842493
62254,4150,14,53.47912432996728,52.7523060459186
62255,4150,7,82.6502538636035,32.09224411674003
62256,4150,8,75.63945702207123,19.48335520025124
62257,4150,4,75.91144662127863,24.12741556932865
62258,4150,2,79.65030374281488,27.988234771938693
62259,4150,13,67.23486630063917,44.2845695534588
62260,4150,6,80.56578872776618,29.64943924322465
62261,4150,11,58.41228007415279,5.993628180276463
62262,4150,9,77.28395306441294,26.25645042508139
62263,4150,1,77.62585869815022,25.020542143819387
62264,4150,10,76.10486423060532,33.522909945290735
62265,4151,4,76.0048558498015,24.54621792628312
62266,4151,10,76.19349213250342,33.77434233274624
62267,4151,12,74.17151959860257,37.71966939233683
62268,4151,3,78.92584885099228,12.45787428899738
62269,4151,8,75.6915948177987,20.032981949637
62270,4151,13,67.4214415037265,44.43846929002924
62271,4151,5,73.7168732640263,17.455260630799764
62272,4151,11,58.77703465111634,5.932564455317754
62273,4151,9,77.56507840181419,26.71906047204807
62274,4151,15,49.380318232464205,22.866022132254344
62275,4151,6,80.89405392312413,29.886568135091814
62276,4151,1,77.88215087966951,25.364132126812446
62277,4151,7,82.83916533792305,32.17789410681331
62278,4151,14,53.96315430948266,52.81510202584243
62279,4151,2,79.81924523599767,28.35013634787292
62280,4152,6,81.15268297887516,30.16190837827903
62281,4152,13,67.60921226352411,44.63421158143789
62282,4152,14,54.44837989157736,52.91974063011581
62283,4152,1,78.14436604003508,25.765000077953296
62284,4152,3,78.96725486139019,12.706885755433312
62285,4152,12,74.26245695745118,37.82688507046904
62286,4152,11,59.08041257949351,5.898740398702625
62287,4152,7,82.8805177509148,32.274971184372696
62288,4152,8,75.66461438360703,20.513981729445128
62289,4152,9,77.78007257454036,27.11750766452341
62290,4152,15,49.78878874332844,22.909753185972875
62291,4152,2,79.88431667019692,28.752292599149747
62292,4152,5,73.83739771374559,17.772899331402257
62293,4152,4,76.10772015733306,24.99589131997861
62294,4152,10,76.31401739214071,34.09198085525908
62295,4153,10,76.40384080469686,34.38525573244418
62296,4153,3,78.994505339368,12.985557830780053
62297,4153,7,82.79316691910968,32.293283032030864
62298,4153,11,59.47114142918821,5.846604926129112
62299,4153,2,79.93284175365235,29.100424561390035
62300,4153,13,67.82529382516667,44.770632392151285
62301,4153,12,74.33097928852368,37.974732908600025
62302,4153,1,78.41247708403031,26.14717879815048
62303,4153,6,81.43492258128008,30.43845896277937
62304,4153,14,54.91355432774766,53.07272928464082
62305,4153,8,75.60579086146066,21.08070976966065
62306,4153,5,73.85285664570128,18.08895004270251
62307,4153,4,76.21881702264173,25.358626048448727
62308,4153,15,50.219701446208816,22.98881950830696
62309,4153,9,78.0493791431965,27.54152886539305
62310,4154,2,80.021496626649,29.42782398998086
62311,4154,5,73.8600829718176,18.49193941176936
62312,4154,9,78.27855596514802,27.98628256031443
62313,4154,14,55.368105389860006,53.228971622421575
62314,4154,4,76.33700520023619,25.744514049878813
62315,4154,7,82.9667002878091,32.29078404385444
62316,4154,10,76.47478123866779,34.69275576879592
62317,4154,11,59.846546263904685,5.858254851851827
62318,4154,13,68.10628389081417,44.8534061270992
62319,4154,15,50.58331462889477,23.03784741508263
62320,4154,6,81.67580980602304,30.61793242418343
62321,4154,12,74.39833335612781,38.15670550035947
62322,4154,1,78.63689916738196,26.500529774253323
62323,4154,3,79.02648332884539,13.279665419492428
62324,4154,8,75.57647379667179,21.629959026821563
62325,4155,3,79.0856040082254,13.548576486457645
62326,4155,9,78.53248454005717,28.322154683942863
62327,4155,14,55.82385206216361,53.42705656775693
62328,4155,1,78.90501025390535,26.882708445207687
62329,4155,4,76.44103792018136,26.160062699605074
62330,4155,8,75.55422099786455,22.12639437270176
62331,4155,6,82.05124178708405,30.70554758724942
62332,4155,12,74.44680444601553,38.352903262413854
62333,4155,15,51.00240852767057,23.078324741701884
62334,4155,13,68.3683909861532,44.95040504521559
62335,4155,11,60.18888560130192,5.837823167083307
62336,4155,10,76.58112389425976,34.96408771619796
62337,4155,7,83.1402064789602,32.212317886039465
62338,4155,5,73.86967307879195,18.90264655005194
62339,4155,2,80.18215143641085,29.724729793988217
62340,4156,6,82.42550546321135,30.827287439613137
62341,4156,10,76.68512999782499,35.30366913918325
62342,4156,13,68.58917280021606,45.02629401065551
62343,4156,1,79.18847227909866,27.27706891134157
62344,4156,15,51.42267077335288,23.08467721688232
62345,4156,3,79.10106273714332,13.864626930960435
62346,4156,7,83.20986979378075,32.250073646315066
62347,4156,2,80.36049379818326,29.96556797079792
62348,4156,9,78.7687255807904,28.714094405597827
62349,4156,8,75.56503381385672,22.65491117153396
62350,4156,5,73.86268989602266,19.183362134191004
62351,4156,14,56.259520173864,53.597524058628245
62352,4156,4,76.51320051010265,26.585372408906505
62353,4156,12,74.50826270240555,38.553565079298174
62354,4156,11,60.58434192717014,5.8011232256127485
62355,4157,11,60.96561581359256,5.718116604446559
62356,4157,1,79.46008837560035,27.556873377400485
62357,4157,2,80.60730401255742,30.202319469315206
62358,4157,13,68.85481191499454,45.09688588676043
62359,4157,15,51.83467338602341,23.10200113813979
62360,4157,8,75.58176961247324,23.24070598874902
62361,4157,6,82.76909445725829,31.000630822974053
62362,4157,3,79.16847004849075,14.198533719879872
62363,4157,12,74.57561678654088,38.73553766483379
62364,4157,14,56.73412238370686,53.70541621063127
62365,4157,5,73.91121445999872,19.531494319880657
62366,4157,10,76.8115511611389,35.60261841310714
62367,4157,9,79.05335603521287,29.074330121137628
62368,4157,4,76.60424613389196,26.99645698017303
62369,4157,7,83.23589846258521,32.410936080942726
62370,4158,9,79.25886813440025,29.36593896094916
62371,4158,5,73.97628533759172,19.933650847455866
62372,4158,10,76.91553007756626,35.8662325845051
62373,4158,14,57.186309655693705,53.853940625231104
62374,4158,1,79.66087287387555,27.833046704178606
62375,4158,8,75.5973100424319,23.784658328837253
62376,4158,11,61.28548619118128,5.586382353948334
62377,4158,15,52.24903975746902,23.127042832837155
62378,4158,2,80.78445092941382,30.4013151499814
62379,4158,13,69.15704874050839,45.17315214832913
62380,4158,4,76.69175969488916,27.43394851608248
62381,4158,12,74.62645167390735,38.93945318437361
62382,4158,6,83.03709713888028,31.07894044846301
62383,4158,7,83.1922638192741,32.53404275653201
62384,4158,3,79.21340826515062,14.421138245972145
62385,4159,14,57.64205634038037,54.05202542186067
62386,4159,6,83.15870906175408,31.13455243183683
62387,4159,7,83.19818684107209,32.59132071852142
62388,4159,9,79.49741871220373,29.61366198056509
62389,4159,1,79.92069728902905,28.1502295375584
62390,4159,15,52.69410795201185,23.17644831852082
62391,4159,10,77.0218727819793,36.13756450966094
62392,4159,2,81.12094860864164,30.5515053703382
62393,4159,12,74.69736506799454,39.1709860439757
62394,4159,3,79.2807886335437,14.679077880417406
62395,4159,4,76.8288581276466,27.881578564543595
62396,4159,11,61.63488988295734,5.513136678018137
62397,4159,8,75.56918863024926,24.37575014683033
62398,4159,5,74.07083561651427,20.24236135720257
62399,4159,13,69.46048112262008,45.291260952402816
62400,4160,1,80.1344689649269,28.430866892662145
62401,4160,12,74.82612293235759,39.40168588945743
62402,4160,15,53.113201841429074,23.2169255522174
62403,4160,2,81.35830376231885,30.7573858018196
62404,4160,4,76.96592946177523,28.25324138695838
62405,4160,13,69.75209456867992,45.37078089933476
62406,4160,8,75.5564181852906,24.97902381865948
62407,4160,7,83.22060190075952,32.550688610009644
62408,4160,5,74.12408775213993,20.60592906682685
62409,4160,14,58.08717965579679,54.25336390068196
62410,4160,11,61.98782575349628,5.413484018330854
62411,4160,10,77.09990463123913,36.46821779872624
62412,4160,6,83.28388022135891,31.23972462256002
62413,4160,9,79.69586668096257,29.958084711880595
62414,4160,3,79.30803919795812,14.95774995811869
62415,4161,4,77.10775548652002,28.716306934229458
62416,4161,14,58.47918609714519,54.47097095328838
62417,4161,1,80.32577129497005,28.60020196699885
62418,4161,2,81.64171169487574,30.99981164570891
62419,4161,10,77.15549423269528,36.76353599309139
62420,4161,12,74.92417892442558,39.60802209474681
62421,4161,5,74.16554816105767,21.00687518544132
62422,4161,9,79.93085805006532,30.15624746779149
62423,4161,7,83.20408267921935,32.57263151498228
62424,4161,3,79.29043245887065,15.241718970809815
62425,4161,11,62.30774984714933,5.433684354179405
62426,4161,6,83.38427254674454,31.377811158407148
62427,4161,15,53.503957667433966,23.240756748542964
62428,4161,8,75.54362069771035,25.50633028546249
62429,4161,13,70.12513569489626,45.37471080462911
62430,4162,12,75.02579422525963,39.86391857514976
62431,4162,3,79.28344912401354,15.522434314971548
62432,4162,11,62.63354300166043,5.359228188634086
62433,4162,8,75.56978470562748,26.047028985909144
62434,4162,4,77.22833477393655,29.18587985771422
62435,4162,2,81.92984717681009,31.2576729734957
62436,4162,7,83.23242076026014,32.58927736908666
62437,4162,15,53.91123275038299,23.242645011214137
62438,4162,9,80.16112188714135,30.3389746961774
62439,4162,14,58.946751789070106,54.7076445401224
62440,4162,13,70.46513845677943,45.42252662049898
62441,4162,10,77.18391402274193,37.00808358049986
62442,4162,6,83.43505286115821,31.429792072192285
62443,4162,1,80.51000946485036,28.822350948107136
62444,4162,5,74.21880033928385,21.370442896499007
62445,4163,9,80.37486649863469,30.5436448150622
62446,4163,11,62.99003790769193,5.309135825675398
62447,4163,5,74.26023374310314,21.69542179431245
62448,4163,4,77.35361448672819,29.59492107519278
62449,4163,7,83.2513037529348,32.57505221614562
62450,4163,3,79.31306347687008,15.808824155152418
62451,4163,12,75.13096884343332,40.16937532540855
62452,4163,14,59.43317300034403,54.854125385418726
62453,4163,1,80.76152002926088,28.998570794852533
62454,4163,2,82.14717822835362,31.58787038394773
62455,4163,15,54.36100139388216,23.231518566512367
62456,4163,10,77.28316544339084,37.25626221301334
62457,4163,13,70.79215405295403,45.46587836974568
62458,4163,6,83.39848234022477,31.50008482894029
62459,4163,8,75.61839097025405,26.62306281022244
62460,4164,12,75.19835024710667,40.42731515997672
62461,4164,5,74.3158497199746,22.066707268332745
62462,4164,14,59.857022142030615,54.98600369239708
62463,4164,15,54.74230217070635,23.224478574210885
62464,4164,1,80.91032883598166,29.18092061268812
62465,4164,13,71.14397575030023,45.552282991696906
62466,4164,8,75.67289314098178,27.18040743008482
62467,4164,9,80.58744281284741,30.78243963558144
62468,4164,4,77.49071307065888,30.04255107704016
62469,4164,6,83.30876773457352,31.510678919196323
62470,4164,3,79.3474053454631,16.110649509758545
62471,4164,2,82.53326077663343,31.748198956111224
62472,4164,11,63.43738906018619,5.138357775257392
62473,4164,10,77.38241687188903,37.50444084214362
62474,4164,7,83.23005698808828,32.58155961765335
62475,4165,9,80.77643576330479,31.09599126740828
62476,4165,12,75.38261611390632,40.72543145850365
62477,4165,10,77.46278532703516,37.76684463672496
62478,4165,11,63.74190856262486,4.994441627717352
62479,4165,8,75.73212289149993,27.7531875764872
62480,4165,15,55.14248596554367,23.20321343870981
62481,4165,14,60.30094985544697,55.14549936381489
62482,4165,13,71.4946018878191,45.5968450498237
62483,4165,2,82.8614173495169,31.68145899055802
62484,4165,7,83.2088102228591,32.58806701892693
62485,4165,1,81.03905919043495,29.33565310174929
62486,4165,3,79.39826650711743,16.390532002548692
62487,4165,4,77.67503276197006,30.49260180658284
62488,4165,5,74.41042716299344,22.45138498450466
62489,4165,6,83.24146819646039,31.48064090427181
62490,4166,5,74.52149681875123,22.738152586046688
62491,4166,13,71.80509830079323,45.6621397203288
62492,4166,9,80.97368834193603,31.398571432614112
62493,4166,2,83.41155101099186,31.732450364877103
62494,4166,8,75.7795609910927,28.36334614968937
62495,4166,1,81.15366123161294,29.596013414832605
62496,4166,12,75.61763510952468,40.99956143368304
62497,4166,15,55.53087802013727,23.219326778783326
62498,4166,3,79.42668552449045,16.635079389301055
62499,4166,14,60.75080079327178,55.36227317588168
62500,4166,7,83.16039367210638,32.543803858450794
62501,4166,4,77.86641663075824,30.889838580376384
62502,4166,11,64.08185729690813,4.89032483254201
62503,4166,6,83.1977791932867,31.451813243172943
62504,4166,10,77.55850473011475,38.04143023934893
62505,4167,8,75.8222444742002,28.88210198059001
62506,4167,2,83.82363504148123,31.97767412415775
62507,4167,10,77.6506921017735,38.3424228188132
62508,4167,7,83.02109422041602,32.544259507157015
62509,4167,4,78.04481337401347,31.282611273791662
62510,4167,9,81.27837023799376,31.71045706646793
62511,4167,14,61.13218388949844,55.58313374374671
62512,4167,13,72.18406255531829,45.72334761525992
62513,4167,6,83.17650525763318,31.382353477962432
62514,4167,11,64.41354637035373,4.797179462309305
62515,4167,5,74.63259355655859,23.10088740388562
62516,4167,3,79.51061225379635,16.947043312430246
62517,4167,12,75.79950993674866,41.21399267497065
62518,4167,15,55.93698474810599,23.25533978326285
62519,4167,1,81.282418745891,29.826713069212552
62520,4168,6,83.15289472076694,31.381143124098934
62521,4168,15,56.292311216866224,23.23937151993311
62522,4168,10,77.83493061692123,38.56457177049776
62523,4168,8,75.92986376466955,29.423178155471973
62524,4168,13,72.5394162660192,45.783345158992745
62525,4168,3,79.54022667127586,17.233433153521116
62526,4168,12,75.9979039650983,41.40648096328183
62527,4168,1,81.40286234999263,29.916449811745583
62528,4168,14,61.58203484022633,55.79990747876943
62529,4168,4,78.24209313258817,31.66115880305508
62530,4168,11,64.72635238746315,4.718259164444898
62531,4168,5,74.71771601719499,23.454694057562623
62532,4168,2,84.24748358002606,32.10955228666483
62533,4168,9,81.5464272814396,31.94070108077033
62534,4168,7,82.82987333515378,32.60282611676804
62535,4169,4,78.46064685841327,32.10916613140888
62536,4169,15,56.70901426350862,23.196163420555514
62537,4169,8,76.04221063879075,29.97968984841476
62538,4169,10,78.01916913785158,38.786720711255285
62539,4169,12,76.21874029209229,41.63430432982832
62540,4169,11,64.98960044552258,4.705167407252361
62541,4169,9,81.89827592087836,32.10307301383251
62542,4169,13,72.8499126787041,45.84863978497315
62543,4169,5,74.79930639375046,23.834907677052392
62544,4169,3,79.52025627760426,17.509684433085912
62545,4169,6,83.14343963858292,31.350272117042053
62546,4169,7,82.93260227782447,32.67266323715484
62547,4169,14,62.05783269010082,55.94964182994576
62548,4169,2,84.81410928148135,32.06263350774394
62549,4169,1,81.62948549185046,29.82171524158996
62550,4170,4,78.65439460080475,32.51412059306044
62551,4170,5,74.91983115942872,24.15254630208941
62552,4170,11,65.33427665543687,4.616486153790305
62553,4170,8,76.16398548259232,30.49110534525741
62554,4170,14,62.506460565813086,56.04860543459147
62555,4170,12,76.43604459718783,41.88853467231296
62556,4170,9,82.37285043583188,32.13499784567763
62557,4170,13,73.18991543518868,45.89645548672696
62558,4170,15,57.10210676831838,23.1517448753374
62559,4170,3,79.52270104972968,17.74530366350743
62560,4170,6,83.11037401974065,31.31819075573617
62561,4170,2,85.29104755291937,32.102275963246875
62562,4170,1,81.82779770983016,29.78630197754535
62563,4170,10,78.18449742966992,38.94712757865934
62564,4170,7,83.00702032553828,32.80182166968954
62565,4171,4,78.95318071945994,32.84469556291099
62566,4171,3,79.55112011950942,17.989851052990897
62567,4171,2,85.80580616722023,32.26540237183959
62568,4171,13,73.5098669974253,45.99262114175098
62569,4171,15,57.47158872897504,23.106115888370027
62570,4171,5,75.10646002603627,24.458380574487336
62571,4171,10,78.42658042430217,39.16844347170426
62572,4171,1,82.0225507000355,29.70132849715666
62573,4171,7,83.08850250451773,32.87816618841212
62574,4171,8,76.26214982876131,31.00131046612533
62575,4171,6,83.14104870062583,31.26658720101832
62576,4171,9,82.77311562856549,32.34163289427761
62577,4171,11,65.66360198935992,4.515623004148708
62578,4171,12,76.62501080540382,42.12611914380791
62579,4171,14,62.95392026962756,56.18169384209124
62580,4172,14,63.44623726899877,56.30948508369825
62581,4172,5,75.28246552218995,24.767468517325085
62582,4172,15,57.862317471756654,23.05397954562388
62583,4172,7,83.34585464071495,32.88376227914933
62584,4172,6,83.21421691274907,31.201968854668912
62585,4172,1,82.25273306944243,29.656154144582047
62586,4172,2,86.31469612807764,32.52318507058341
62587,4172,9,83.28542894825202,32.269140203491794
62588,4172,4,79.25196685437425,33.17527050396562
62589,4172,11,65.99645950679857,4.388352887623398
62590,4172,8,76.36976929783921,31.54238662302076
62591,4172,12,76.87415796861025,42.29462106120055
62592,4172,13,73.8440012914453,46.13509335731666
62593,4172,3,79.64094279485658,18.2831257827414
62594,4172,10,78.66157208631383,39.36660607569294
62595,4173,10,78.86469361444583,39.5745297919675
62596,4173,2,86.8825716585609,32.67004287435838
62597,4173,6,83.31808697489106,31.161714115530422
62598,4173,11,66.26204445491,4.307011637762638
62599,4173,12,77.09496702795862,42.446477110404246
62600,4173,8,76.47738881253234,32.08346277625065
62601,4173,14,63.86302248238094,56.49417721208775
62602,4173,5,75.47615861481893,25.020488825066288
62603,4173,3,79.7779865520254,18.578821308544008
62604,4173,13,74.14743367983681,46.25320193463736
62605,4173,7,83.57962342623752,32.96411517945177
62606,4173,9,83.79540567172907,32.26489690952376
62607,4173,15,58.255409971811375,23.009560977298044
62608,4173,1,82.50299389732842,29.638597103079327
62609,4173,4,79.5471937490077,33.45628517979627
62610,4174,7,83.7484564383455,33.02214782365472
62611,4174,12,77.37125676833847,42.589782339824566
62612,4174,15,58.65206164345662,23.014702761931723
62613,4174,4,79.89790134130334,33.72874908080198
62614,4174,5,75.69938521052806,25.3319975184192
62615,4174,13,74.44967050281039,46.329467968486256
62616,4174,10,79.15043840561361,39.74870606230648
62617,4174,1,82.8441104949759,29.500354129403696
62618,4174,9,84.3207333196037,32.2728353933478
62619,4174,3,79.87134137805319,18.8456890820264
62620,4174,6,83.49634788395046,31.17465064781272
62621,4174,2,87.39023896355954,32.81001590679757
62622,4174,14,64.28570347200895,56.66018002904978
62623,4174,8,76.59796834848454,32.553035753502975
62624,4174,11,66.56659081156276,4.239062752726071
62625,4175,12,77.62390866893278,42.65590997168365
62626,4175,13,74.76962206967715,46.42563355657416
62627,4175,6,83.7206343994314,31.148165427767644
62628,4175,14,64.7426183869225,56.82413940156385
62629,4175,10,79.48457253696075,39.89117825035719
62630,4175,9,84.89445033398474,32.249069849199465
62631,4175,1,83.14036979011377,29.36740819013804
62632,4175,2,87.8932059131271,33.01052052876411
62633,4175,11,66.87705993251703,4.228391916693187
62634,4175,4,80.27221948226561,34.002423301956135
62635,4175,8,76.76104144936343,33.009593930472455
62636,4175,3,80.00009850356513,19.07638886894852
62637,4175,7,83.9952123788551,33.1069647571996
62638,4175,15,58.993205538928805,22.95242774989681
62639,4175,5,75.90726090687082,25.631324359894474
62640,4176,12,77.86240516464377,42.7516982940088
62641,4176,11,67.19815245033472,4.214467423417734
62642,4176,1,83.54764475277041,29.36929510600335
62643,4176,5,76.07381140112108,25.909541205810537
62644,4176,13,75.07539090360416,46.47549255914985
62645,4176,14,65.25142707013725,56.854020078923504
62646,4176,3,80.13241478494312,19.356648861759204
62647,4176,4,80.6217588105653,34.309011857287565
62648,4176,7,84.28209807580109,33.171049122227764
62649,4176,15,59.37684299254522,22.87713803500099
62650,4176,8,76.9347379668384,33.462898394958124
62651,4176,9,85.4705311151468,32.23302202978777
62652,4176,2,88.4126920840105,33.1890822053763
62653,4176,6,83.86702515793682,31.17086304973037
62654,4176,10,79.80925154640697,40.00277939509656
62655,4177,9,86.07372731794233,32.11581044758956
62656,4177,1,83.93130917820093,29.36997164824856
62657,4177,7,84.57371131960895,33.250568974807
62658,4177,2,88.8105391305803,33.23606487002781
62659,4177,5,76.3088297547948,26.18367143407353
62660,4177,12,78.14575895890422,42.84218950904219
62661,4177,6,84.03822192369802,31.236613474193284
62662,4177,3,80.23519763936315,19.578420482935
62663,4177,10,80.10322867485404,40.09001692104817
62664,4177,14,65.72483366294982,56.92006896610011
62665,4177,13,75.38825110481334,46.5485048331957
62666,4177,15,59.74866164585325,22.763259415201603
62667,4177,8,77.09071981205199,33.89630326759636
62668,4177,4,81.00550486722169,34.53758983027781
62669,4177,11,67.56646603439687,4.202963860898468
62670,4178,10,80.4467906621966,40.18739285613061
62671,4178,1,84.30198644877859,29.36618412573568
62672,4178,6,84.17048439669071,31.364938892884304
62673,4178,13,75.67513697369876,46.61258900915493
62674,4178,15,60.128766988569325,22.71437670599405
62675,4178,7,85.06950540196866,33.20001906233831
62676,4178,14,66.19704461991986,56.94427523587287
62677,4178,3,80.38992908192198,19.81804840100532
62678,4178,11,67.93005214236202,4.176024748073878
62679,4178,2,89.28630910121451,33.30983175525922
62680,4178,8,77.28093560886137,34.32766478508858
62681,4178,12,78.4173211357353,42.97005916962153
62682,4178,5,76.60875676568725,26.404154786703767
62683,4178,4,81.42938068257538,34.74543520397227
62684,4178,9,86.67695069750948,32.074565982913946
62685,4179,13,75.9738417866992,46.71526197592542
62686,4179,5,76.86499480135909,26.595810385414893
62687,4179,10,80.78798887118873,40.277051016863474
62688,4179,11,68.26174121035152,4.082879350698661
62689,4179,1,84.73640401950186,29.34287441284948
62690,4179,3,80.55292016530859,20.046704872979245
62691,4179,6,84.37708338344855,31.39452125727341
62692,4179,15,60.47933886041224,22.6070054331678
62693,4179,14,66.68107458268028,57.00707034133109
62694,4179,8,77.44754089516307,34.75781593003128
62695,4179,7,85.48267619872414,33.18321650916625
62696,4179,2,89.73257269921,33.40107747172595
62697,4179,12,78.65345385115116,43.05812969999516
62698,4179,4,81.82845047270493,34.91022772459067
62699,4179,9,87.35339662864024,32.12063739491645
62700,4180,4,82.2298840409199,35.082737968715406
62701,4180,5,77.13421999301401,26.791930037799872
62702,4180,6,84.5624627737163,31.50657816620292
62703,4180,3,80.77375571579338,20.274528439404936
62704,4180,10,81.1398104581646,40.36345544939396
62705,4180,13,76.28789755654151,46.830116726937376
62706,4180,12,78.875403857983,43.09989368040117
62707,4180,14,67.08131319409519,57.137737846617945
62708,4180,2,90.09974508275351,33.49966361196902
62709,4180,7,85.8462621467427,33.15627550879082
62710,4180,15,60.85588503247574,22.508562365757456
62711,4180,8,77.6094186601261,35.17253154354649
62712,4180,9,87.93420493699784,32.12002496371925
62713,4180,11,68.60880799629787,4.077883064077273
62714,4180,1,85.16845782272269,29.311846935676137
62715,4181,4,82.67381113675118,35.24223336574505
62716,4181,7,86.34444718480529,33.18941044483226
62717,4181,9,88.59652259166712,32.27172404607462
62718,4181,14,67.50633051848506,57.2354908241438
62719,4181,1,85.59225200686946,29.291790892269475
62720,4181,6,84.71007617628099,31.647085367465685
62721,4181,12,79.12332818990569,43.15058573716232
62722,4181,2,90.40790472595292,33.63320745143844
62723,4181,8,77.79724354895718,35.520208026832414
62724,4181,10,81.52703421749054,40.41369175454888
62725,4181,11,68.97239409833175,4.050943930770824
62726,4181,13,76.5582642506314,46.91614382195988
62727,4181,15,61.25134128302892,22.47186152232348
62728,4181,3,80.94381104853089,20.450371000497466
62729,4181,5,77.46718550461304,26.968527535160973
62730,4182,3,81.17054248472051,20.659505350661444
62731,4182,8,78.00041939134552,35.88006630719913
62732,4182,10,81.90127081550943,40.459464001824905
62733,4182,14,67.95965852487703,57.27392222943248
62734,4182,7,86.88039820396817,33.19409504682306
62735,4182,4,83.09768697002586,35.450078601254226
62736,4182,11,69.28052631878478,4.108522491787703
62737,4182,15,61.6137319524706,22.40307913182895
62738,4182,2,90.4941416568321,33.80095442175007
62739,4182,13,76.83216295379378,46.97576390748191
62740,4182,5,77.74586576796517,27.195518181483216
62741,4182,12,79.39719954183649,43.13423863281377
62742,4182,6,84.84945714494005,31.8745311595048
62743,4182,1,86.05503479106903,29.3610941206354
62744,4182,9,89.23281157360485,32.262560771936045
62745,4183,7,87.37855604517463,33.151262806302924
62746,4183,12,79.6191222423873,43.10003535796416
62747,4183,10,82.27667566477795,40.47111150889214
62748,4183,13,77.11904882320513,47.03984802120514
62749,4183,8,78.26497176551251,36.21268459018604
62750,4183,6,85.10333155882074,32.058468485238286
62751,4183,15,61.92181026247103,22.30872255204889
62752,4183,9,89.95419633677113,32.53123623462273
62753,4183,14,68.38581654398322,57.26158295898016
62754,4183,5,77.9973762949544,27.37173819046143
62755,4183,1,86.55321980315205,29.394229287882617
62756,4183,3,81.36540376353825,20.87840073146554
62757,4183,2,90.75513463777727,34.08401176653509
62758,4183,11,69.55442460724285,4.1681442266226725
62759,4183,4,83.51563975925151,35.60064583540069
62760,4184,5,78.33860144025972,27.53736417393337
62761,4184,10,82.69104199389572,40.49615112348184
62762,4184,11,69.90388197117154,4.2468328799307
62763,4184,3,81.54727790149553,21.09283203140517
62764,4184,6,85.37489349465962,32.18633819693665
62765,4184,9,90.55986501488287,32.725610587075344
62766,4184,15,62.26765461412538,22.18591571695402
62767,4184,2,91.24986921258385,34.371454626452014
62768,4184,7,87.99120731108394,33.06492206252583
62769,4184,4,83.948943482818,35.763394835909814
62770,4184,12,79.85050007948317,43.09670310522648
62771,4184,14,68.8037149903504,57.26021517402126
62772,4184,8,78.47993930129107,36.53516439390402
62773,4184,1,86.99122373683034,29.496446798090982
62774,4184,13,77.40237533158113,47.05437185148583
62775,4185,5,78.67509905786812,27.687554619770346
62776,4185,13,77.64557212385881,47.089628312453264
62777,4185,9,91.20452234827658,33.00934407786017
62778,4185,15,62.6123306134957,22.09723366514972
62779,4185,2,91.8744481364673,34.62757067907633
62780,4185,7,88.50352059260872,32.992429146150776
62781,4185,14,69.2275092037925,57.24015810617762
62782,4185,12,80.09250129442904,43.09011713320437
62783,4185,1,87.45164274713983,29.558032199531333
62784,4185,6,85.63702752682818,32.35930404050135
62785,4185,11,70.2863779718995,4.28163583988902
62786,4185,4,84.43416861348557,35.868032814356035
62787,4185,3,81.71852866059118,21.3105170009134
62788,4185,10,83.12665507792636,40.51468329579749
62789,4185,8,78.67602386914716,36.871869346989655
62790,4186,14,69.70914788209959,57.21926790262952
62791,4186,3,81.9062986855609,21.506259086555524
62792,4186,13,77.90295165214991,47.17119131486314
62793,4186,8,78.87447223104942,37.21629204076032
62794,4186,11,70.64406814602705,4.273385836316461
62795,4186,5,78.95255677119161,27.79673551320166
62796,4186,10,83.49026829125995,40.56370919155997
62797,4186,15,62.91214929448,22.01384853540415
62798,4186,2,92.44229647747372,34.698460886891844
62799,4186,12,80.34748967161914,43.08799519577104
62800,4186,6,85.91804455525225,32.51804471517415
62801,4186,7,89.12921338496254,33.06248662947403
62802,4186,9,91.9506587622926,33.16913786670738
62803,4186,4,84.82731537070889,35.97554716414944
62804,4186,1,87.959282826453,29.62203827436654
62805,4187,5,79.27133970762299,27.927026342294376
62806,4187,11,70.9663559435346,4.301303729251099
62807,4187,10,83.9317771875677,40.56355211248532
62808,4187,9,92.65316055654104,33.45203814873921
62809,4187,15,63.25682529279089,21.925166480972297
62810,4187,4,85.27713830675278,36.11635315797494
62811,4187,12,80.54226980478461,43.078988565498015
62812,4187,3,82.10469210246806,21.69874747827523
62813,4187,1,88.42912975759617,29.638527498510435
62814,4187,13,78.12962927024526,47.22839071685059
62815,4187,2,92.948741098319,34.72062397085815
62816,4187,14,70.1069952122503,57.26625010730998
62817,4187,6,86.17778763748785,32.60732564081992
62818,4187,7,89.72181335763071,33.024495656253244
62819,4187,8,79.07408888060813,37.52658998577749
62820,4188,14,70.54733603261616,57.30021736406266
62821,4188,9,93.28841721637878,33.85683457882871
62822,4188,7,90.28373866339678,33.03810819317409
62823,4188,1,88.89547176043301,29.757390737542927
62824,4188,3,82.28653921133863,21.83721158918648
62825,4188,15,63.59207330806706,21.881580650769283
62826,4188,2,93.2061204204938,34.80218685404164
62827,4188,12,80.73821817641905,43.03585719806386
62828,4188,10,84.38507771449724,40.52601659007804
62829,4188,5,79.54290157204242,28.05489640924131
62830,4188,11,71.30046243078823,4.3678104414050445
62831,4188,8,79.28786097061892,37.807227232961246
62832,4188,6,86.49893442667496,32.74533372705141
62833,4188,13,78.3728260607425,47.26364715451127
62834,4188,4,85.75766311359806,36.28152269806536
62835,4189,12,80.93653033343253,43.00044358375242
62836,4189,2,93.24627737925012,34.85742135272911
62837,4189,5,79.82508682431926,28.179512769440088
62838,4189,1,89.36770960860248,29.85756475628437
62839,4189,14,70.97938980742876,57.26918873929811
62840,4189,7,90.85631453742596,33.12443408887061
62841,4189,13,78.55581460187192,47.29201891716443
62842,4189,8,79.50752889666175,38.06917524315486
62843,4189,9,94.02748951796676,34.06944196562505
62844,4189,3,82.45776293674703,21.97892937505404
62845,4189,10,84.80650810140706,40.49824219633684
62846,4189,11,71.57319227151105,4.461556821777577
62847,4189,4,86.15436915148675,36.43859716271711
62848,4189,15,63.929685080853886,21.845712590485835
62849,4189,6,86.84252346262998,32.9186768271331
62850,4190,12,81.1053088348063,42.90654165130112
62851,4190,7,91.40408439154342,33.167707199350325
62852,4190,3,82.62072703505365,22.13161859046795
62853,4190,4,86.60419209380646,36.57940305699526
62854,4190,5,80.08838907487618,28.318354255242745
62855,4190,13,78.75295852577685,47.29072996274983
62856,4190,1,89.79155808044828,29.989442730948724
62857,4190,11,71.80818285251792,4.65972052561742
62858,4190,15,64.23423127799929,21.77776300205626
62859,4190,6,87.07159188554937,33.059561256302175
62860,4190,9,94.72526379341356,34.33690649952364
62861,4190,14,71.3984564080677,57.23369606631013
62862,4190,8,79.72363754045458,38.28156299342096
62863,4190,2,93.17900504167903,34.9033505351298
62864,4190,10,85.25744484161605,40.452988899999326
